PLUAD_name;DEP_num;Road_num;NameEn;NameRus;NameKg;Length;NumberOfBridge;type;
RD1;1;1;"Bishkek-""Manas"" airport";"Бишкек - Аэропорт ""Манас""";"Бишкек - ""Манас Аэропорту""";36,5;2;int;
RD1;1;1;Bishkek-Kuntuu-Shopokov;Бишкек - Кунтуу - Шопоков;Бишкек - Кунтуу - Шопоков;27;3;nat;
RD1;1;7;Sokuluk-Kamyshanovka ;Сокулук - Камышановка;Сокулук - Камышановка;39;1;nat;
RD1;1;8;Romanovka-50 let Kamyshanovka;Романовка - 50 лет Камышановка;Романовка - 50 лет Камышановка;34;1;nat;
RD1;1;1;Kirkomstrom-Jal-Alamedin ;Киркомстром - Джал - Аламедин;Киркомстром - Жал - Аламедин;14;;loc;
RD1;1;2;Jal-Orok ;Джал - Орок;Жал - Орок;3;;loc;
RD1;1;3;Kara Sakal-Belek ;Кара Сакал - Белек;Кара Сакал - Белек;11;;loc;
RD1;1;4;Romanovka-Zhany Zher-23km D.Shorgo ;Романовка - Джаны Жер - 23 км Д.Шорго;Романовка - Джаны Жер - 23 км Д.Шорго;8;;loc;
RD1;1;5;Tokbaev-Baigeldi with access road to Kuntuu v. ;Токбаев - Байгельди с подъездной дорогой к селу Кунтуу;Токбаев - Байкелди Кунтуу айылына кирме жолу менен;12;;loc;
RD1;1;6;Sokuluk-Panfilov-Chatkul ;Сокулук - Панфилов - Чаткуль;Сокулук - Панфилов - Чаткул;16;;loc;
RD1;1;7;Sokuluk-Aral ;Сокулук - Арал;Сокулук - Арал;5;;loc;
RD1;1;8;Sokuluk-Zhalamysh-MTF ;Сокулук - Жаламыш - МТФ;Сокулук - Жаламыш - МТФ;40,7;;loc;
RD1;1;9;Karasakal-Tokbaev with access road to Kyzyltuu v.;Карасакал - Токбаев с подъездной дорогой к селу Кызылтуу;Карасакал - Токбаев Кызылтуу айылына кирме жолу менен;14;;loc;
RD1;1;53;Tyuz-Sokuluk-Vodohranilishe;Тюз - Сокулук - Водохранилище;Т?з - Сокулук - Водохранилище;8;;loc;
RD1;1;11;Baly-stan kolhoza ;Балы - стан колхоза;Балы - стан колхоза;19;;loc;
RD1;1;12;Access road to Shalta v.;Подъездная дорога к селу Шалта;Шалта айылына кирме жолу;2;;loc;
RD1;1;14;Baitik-Archaly-Jal ;Байтик - Арчалы - Джал;Байтик - Арчалы - Жал;9;;loc;
RD1;1;15;Baigeldi-Jal-Orok ;Байгельди - Джал - Орок;Байкелди - Жал - Орок;2,8;;loc;
RD1;1;2;"Chonaryk-""Alaarcha"" National Park";"ЧонАрык - Национальный парк ""Ала-Арча""";"Чон-Арык - Национальный парк ""Ала-Арча""";29,4;1;nat;
RD1;25;3;Alamedin Arashan - Koi Tash ;Аламедин Арашан - Койташ;Аламедин Арашан - Койташ;19,4;2;nat;
RD1;25;4;Bishkek- Koi Tash -Issyk Ata ;Бишкек - Койташ - Ыссык Ата;Бишкек - Койташ - Ыссык Ата;43,6;7;nat;
RD1;25;16;Chong Kurchak-Ala Archa ;Чонкурчак - АлаАрча;Чонкурчак - АлаАрча;21;;loc;
RD1;25;17;Kashka Suu - Dom Otdyha;Кашка Суу - Дом отдыха;Кашка Суу - Дом отдыха;3;;loc;
RD1;25;18;Arashan-Chon Kurchak ;Арашан - Чонкурчак;Арашан - Чонкурчак;22;;loc;
RD1;25;20;Lebedinovka-Kok Jar ;Лебединовка - Кок Жар;Лебединовка - Кок Жар;10,3;;loc;
RD1;25;21;Koi Tash- Uzun Kyr ;Кой Таш - Узун Кыр;Кой Таш - Узун Кыр;12;;loc;
RD1;25;22;Podkhoz- Dom Otdyha-Chon Tash ;Подхоз - Дом отдыха - Чон Таш;Подхоз - Дом отдыха - Чон Таш;5;;loc;
RD1;25;23;Archaly-Shorolo ;Арчалы - Шороло;Арчалы - Шороло;10;;loc;
RD1;25;24;Orto Sai-Kok Jar ;Орто Сай - Кок Жар;Орто Сай - Кок Жар;5;;loc;
RD1;25;25;Chong-Arik-Pionerlager ;Чон Арык - Пионерлагерь;Чон Арык - Пионерлагерь;3;;loc;
RD1;25;26;Kok Jar-Ala Too ;Кок Жар - Ала Тоо;Кок Жар - Ала Тоо;7,5;;loc;
RD1;25;27;Alplager-Ala-Archa pass.;Альплагерь - перевал Ала Арча;Альплагерь - перевал Ала Арча;12;;loc;
RD1;25;28;Kara Dzhigach-Kyzyl Birlik ;Кара Жигач - Кызыл Бирлик;Кара Жигач - Кызыл Бирлик;10;;loc;
RD1;25;32;Vostok-Mazar Suu ;Восток - Мазар Суу;Восток - Мазар Суу;1,4;;loc;
RD1;25;33;Arashan-Bosboltok ;Арашан - Босболток;Арашан - Босболток;2;;loc;
RD1;25;34;Kara Dzhigach-Besh Kungoi ;Кара Жыгач - Беш Кунгей;Кара Жыгач - Беш Кунгей;6,1;;loc;
RD1;25;35;Uch-Emchek Tash-Bashat ;Уч Эмчек - Таш Башат;Уч Эмчек - Таш Башат;4;;loc;
RD1;25;36;Almaluu-upper Ichke Suu;Алмалуу - верхний Ичке Суу;Алмалуу - верхний Ичке Суу;4;;loc;
RD1;28;52;East Zhany Zher-50 let Kamyshanovka;Восточный Джаны Жер - 50 лет Камышановка;Восточный Джаны Жер - 50 лет Камышановка;13;;loc;
RD1;28;5;Belovodskoe-Saharnyi Zavod ;Беловоское - Сахарный Завод;Беловоское - Сахарный Завод;4;0;nat;
RD1;28;6;Belovodskoe-Tyulek ;Беловодское - Тюлек;Беловодское - Тюлек;45;3;nat;
RD1;28;9;Petrovka-Neftebaza;Петровка - Нефтебаза;Петровка - Нефтебаза;2,6;0;nat;
RD1;28;10;Tyulek-Ak Kashat ;Тюлек - Ак Кашат;Тюлек - Ак Кашат;11,3;0;nat;
RD1;28;12;Belovodsk-Temen Suu ;Беоводское - Темен Суу;Беоводское - Темен Суу;30;3;nat;
RD1;28;10;Vinsovhoz-Asylbash ;Винсовхоз - Асылбаш;Винсовхоз - Асылбаш;16;;loc;
RD1;28;13;Tash Bulak-Boruluu ;Таш Булак - Борулуу;Таш Булак - Борулуу;3;;loc;
RD1;28;37;Belovodskoe-Oktyabrskoe ;Беловодское - Октябрьское;Беловодское - Октябрьское;3,8;;loc;
RD1;28;38;Belovodsk-Kalinin ;Беловодское - Калинин;Беловодское - Калинин;8,7;;loc;
RD1;28;39;Petrovka-Moltavar ;Петровка - Молтавар;Петровка - Молтавар;6,2;;loc;
RD1;28;40;Petrovka-Besh Terek ;Петровка - Беш Терек;Петровка - Беш Терек;21,4;;loc;
RD1;28;41;Spartak-Besh Terek ;Спартак - Беш Терек;Спартак - Беш Терек;15;;loc;
RD1;28;42;Access road to v/ch;Подъездная дорога к v/ch;Подъездная дорога к v/ch;6,2;;loc;
RD1;28;43;Spartak-Kr.Pahar;Спартак - Кр. Пахар;Спартак - Кр. Пахар;9;;loc;
RD1;28;44;Sretenka-Kiz Molo ;Сретенка - Кыз Моло;Сретенка - Кыз Моло;12,9;;loc;
RD1;28;45;Sretenka-Kyrgyzstan ;Сретенка - Кыргызстан;Сретенка - Кыргызстан;16;;loc;
RD1;28;46;Sadovaya MTF k-z Drujba;Садовое - МТФ - Колхоз Дружба;Садовое - МТФ - Колхоз Дружба;3,5;;loc;
RD1;28;47;Alexandrovka-Kyrgyzstan ;Александровка - Кыргызстан;Александровка - Кыргызстан;6;;loc;
RD1;28;48;Alexandrovka-Krupskaya ;Александровка - Крупская;Александровка - Крупская;7,1;;loc;
RD1;28;49;Belovodsk-Pretechenka ;Беловодское - Претеченка;Беловодское - Претеченка;14,5;;loc;
RD1;28;50;Access road to ABTs;Подъездные дорог к ABT;Подъездные дорог к ABT;2;;loc;
RD1;28;51;Temen Suu-Ak Bashat ;Темен Суу - Ак Башат;Темен Суу - Ак Башат;4;;loc;
RD1;28;54;Sokuluk-Belogorka;Сокулук - Белогорка;Сокулук - Белогорка;49;;loc;
RD1;28;11;Poltavka-Besh Terek ;Полтавка - Беш Терек;Полтавка - Беш Терек;26;0;nat;
RD1;40;13;Petrovka-Narzan sources;Петровка - Нарзан ;Петровка - Нарзан ;52;13;nat;
RD1;40;2;Bishkek-Chaldovar 60,2-67,0 km;Бишкек - Чалдовар 60.2 - 67.0  км;Бишкек - Чалдовар 60.2 - 67.0  км;6,8;1;int;
RD1;40;14;Sosnovka-Keperaryk ;Сосновка - Кеперанык;Сосновка - Кеперанык;8;1;nat;
RD1;40;15;Kalininskoe-Stepnoe ;Калининское - Степное;Калининское - Степное;44;3;nat;
RD1;40;55;Kara Balta-Monoldor ;Кара Балта - Монолдор;Кара Балта - Монолдор;18;;loc;
RD1;40;56;Sosnovka-Sarybulak ;Сосновка Сарыбулак;Сосновка Сарыбулак;6;;loc;
RD1;40;57;Uzen-Sarykoo ;Узен - Сакыроо;Узен - Сакыроо;23;;loc;
RD1;40;58;Novonikolaevka-Karasu  ;тНовониколаевка - Карасуу;тНовониколаевка - Карасуу;29;;loc;
RD1;40;59;Jeken-Eriktuu-Iyrisuu ;Жекен - Эриктуу - Лыриссуу;Жекен - Эриктуу - Лыриссуу;11;;loc;
RD1;40;60;Kalininskoe-Zhonaryk ;Калиникское - Жонарык;Калиникское - Жонарык;14;;loc;
RD1;40;61;Voznesenovka-Karatyube ;Вознесеновка - Каратюбе;Вознесеновка - Каратюбе;24;;loc;
RD1;40;62;Stavropolovka-Vodohranilishe;Ставрополка - Водохранилище;Ставрополка - Водохранилище;4;;loc;
RD1;40;63;Kara Balta-Indom;Кара Балта - Индом;Кара Балта - Индом;7;;loc;
RD1;40;64;Petropavlovka-Kyzyldyikan ;Петропавловка - Кызыл Дыйкан;Петропавловка - Кызыл Дыйкан;22;;loc;
RD1;40;65;Poltavka-Ortosuu ;Полтавка - Ортосуу;Полтавка - Ортосуу;6;;loc;
RD1;40;66;Novonikolaevka-SPTU 35 ;Новониколаевка - СПТУ 35;Новониколаевка - СПТУ 36;3;;loc;
RD1;40;67;Novonikolaevka-Akbashat ;Новониколаевка - Акбашат;Новониколаевка - Акбашат;5;;loc;
RD1;40;68;Comintern-Novyi Put;Коминтерн - Новый Путь;Коминтерн - Новый Путь;15;;loc;
RD1;40;69;Petropavlovka-Aerordrom ;Петропавловка - Аэродром;Петропавловка - Аэродром;10;;loc;
RD1;40;70;Melioratsiya-Toktosh ;Меиорация - Токтош;Меиорация - Токтош;8;;loc;
RD1;40;71;Alexeevka-Bolshevik ;Алексеевка - Большевик;Алексеевка - Большевик;11;;loc;
RD1;40;72;Akbashat-Aral ;Акбашат - Арал;Акбашат - Арал;2;;loc;
RD1;40;73;Akbashat-MTF;Акбашат - МТФ;Акбашат - МТФ;2;;loc;
RD1;42;2;Bishkek-Chaldovar 67,0-91,6 km;Бишкек - Чалдовар 67,0-91,6 км;Бишкек - Чалдовар 67,0-91,6 км;24,6;1;int;
RD1;42;16;Panfilovka-m/s Chaldovar;Панфиловка - м/с Чалдовар;Панфиловка - м/с Чалдовар;28;1;nat;
RD1;42;74;Panfilovka-Kaiyndy ;Панфиловка - Кайынды;Панфиловка - Кайынды;8;;loc;
RD1;42;75;Panfilovka-Ortoaryk ;Панфиловка - Ортоарык;Панфиловка - Ортоарык;20;;loc;
RD1;42;76;Efironos-Telman ;Эфиронос - Тельман;Эфиронос - Тельман;14;;loc;
RD1;42;77;Chaldovar-Rovnoe-Kirov ;Чалдовар - Ровное - Киров;Чалдовар - Ровное - Киров;20;;loc;
RD1;42;78;Chaldovar-F2-Rovnoe;Чалдовар - F2 - Ровное;Чалдовар - F2 - Ровное;15;;loc;
RD1;42;79;Chaldovar-Cholokaryk ;Чалдовар - Чолокарык;Чалдовар - Чолокарык;8,1;;loc;
RD1;42;80;Chaldovar-Kenzhebai ;Чалдовар - Кенжебай;Чалдовар - Кенжебай;11;;loc;
RD1;42;81;Chaldovar-Toka ;Чалдовар - Тока;Чалдовар - Тока;25;;loc;
RD1;42;82;Partsezd-Chorgolo ;Партсъезд - Чорголо;Партсъезд - Чорголо;9;;loc;
RD1;42;83;Kurpuldek-Aerodrome ;Курпулдек - Аэродром;Курпулдек - Аэродром;1;;loc;
RD1;42;84;Kaptalaryk-Kumaryk ;Капталарык - Кумарык;Капталарык - Кумарык;12;;loc;
RD1;42;85;Erkinsay-Kumaryk ;Эркинсай - Кумарык;Эркинсай - Кумарык;15;;loc;
RD1;42;86;Voznesenovka-Erkinsay;Вознесеновка - Эркинсай;Вознесеновка - Эркинсай;28;;loc;
RD1;43;17;Kant-ABZ;Кант - АБЗ;Кант - АБЗ;12,2;5;nat;
RD1;43;87;Lower Nooruz-Zherkazar- GES5 with access road to Druzhba v. ;Нижний Нооруз - Жерказар - ГЭС5 с подъездной дорогой к селу Дружба;Нижний Нооруз - Жерказар - ГЭС5 с подъездной дорогой к селу Дружба;10,4;;loc;
RD1;43;88;Dmitrievka-Birdik-Hunchi- Milyanfan ;Дмитриевка - Бирдик - Хунчи - Милянфан;Дмитриевка - Бирдик - Хунчи - Милянфан;17;;loc;
RD1;43;89;Kant-Ak Kuduk ;Кант - Ак Кудук;Кант - Ак Кудук;9,6;;loc;
RD1;43;90;Tuz-Zharbashy- Internatsionalnoe;Туз - Жарбашы - Интернациональное;Туз - Жарбашы - Интернациональное;16,4;;loc;
RD1;43;91;Kant-Zheek- Dmitrievka ;Кант - Жээк - Дмитриевка;Кант - Жээк - Дмитриевка;6,8;;loc;
RD1;43;92;Kant-Karl Marks- Internatsionalnoe;Кант - Карл Маркс - Интернациональное;Кант - Карл Маркс - Интернациональное;18,4;;loc;
RD1;43;93;Novopokrovka- Sary Jon ;Новопокровка - Сары Жон;Новопокровка - Сары Жон;12;;loc;
RD1;43;94;Novopokrovka- Aerodrome ;Новопокровка - Аэродром;Новопокровка - Аэродром;4,9;;loc;
RD1;43;95;Novopokrovka-Tuz;Новопокровка - Туз;Новопокровка - Туз;15,2;;loc;
RD1;43;96;Chondaly-Pionerlager-Dom Invalidov;Чондалы - Пионерлагерь - Дом инвалидов;Чондалы - Пионерлагерь - Дом инвалидов;6,6;;loc;
RD1;43;97;Chondaly-Leninskoe;Чондалы - Ленинское;Чондалы - Ленинское;13,7;;loc;
RD1;43;98;Dmitrievka-Birdik ;Дмитриевка - Бирдик;Дмитриевка - Бирдик;10,2;;loc;
RD1;43;99;Kant-Gornaya Serafimovka with access road to Dom Invalidov ;Кант - Горная Серафимовка с подъездной дорогой к Дому инвалидов;Кант - Горная Серафимовка с подъездной дорогой к Дому инвалидов;24;;loc;
RD1;43;100;Zheek-Gagarin ;Жээн - Гагарин;Жээн - Гагарин;5;;loc;
RD1;43;101;GES5-Kant- Milyanfan;ГЭС5 - Кант - Милянфан;ГЭС5 - Кант - Милянфан;23,5;;loc;
RD1;954;3;Bishkek -Naryn-Torugart 32,4-82,0 km;Бишкек - Нарын - Торугарт 32,4-82,0 км;Бишкек - Нарын - Торугарт 32,4-82,0 км;48,7;6;int;
RD1;954;18;Tokmok-Donaryk-Rot Front-Ivanovka with turning to Yurevka v. M-005 ;Токмок - Донарык - Рот Фронт - Ивановка с поворотом к селу Юрьевка М-005;Токмок - Донарык - Рот Фронт - Ивановка с поворотом к селу Юрьевка М-006;49;10;nat;
RD1;954;19;Kegety-East Karakol M-006 ;Кегети - Восточный Каракол М-006;Кегети - Восточный Каракол М-007;43;5;nat;
RD1;954;20;Menetkech-Tower Burana-Donaryk;Менеткеч - Башня Бурана - Донарык;Менеткеч - Башня Бурана - Донарык;9;1;nat;
RD1;954;102;ABZ-Pionerlager;АБЗ - Пионерлагерь;АБЗ - Пионерлагерь;3;;loc;
RD1;954;103;Tokmok-Progress-Kairma;Токмок - Прогресс - Каирма;Токмок - Прогресс - Каирма;15;;loc;
RD1;954;104;Tokmok-Saylyk;Токмок - Сайлык;Токмок - Сайлык;6;;loc;
RD1;954;105;67th km of Bishkek-Torugart road- Koshkorgon-Iskra;67й км трассы Бишкек - Торугарт - Кошкоргон - Искра;67й км трассы Бишкек - Торугарт - Кошкоргон - Искра;17;;loc;
RD1;954;106;Zhany Turmush-Kara Dobo;Жаны Турмуш - Кара Добо;Жаны Турмуш - Кара Добо;6;;loc;
RD1;954;107;Leskhoz-Turukayyn;Лесхоз - Турукайын;Лесхоз - Турукайын;5;;loc;
RD1;954;108;Progress -10th km of Tokmok-Shamsi road;Прогресс - 10й км трассы Токмок - Шамси;Прогресс - 10й км трассы Токмок - Шамси;4;;loc;
RD1;954;109;Kyzyl Suu gorge-Shamsi;Ущелье Кызыл Суу - Шамси;Ущелье Кызыл Суу - Шамси;17;;loc;
RD1;954;110;Koshoy-Alchaluu-Kyzyl Asker ;Кошой - Алчалуу - Кызыл Аскер;Кошой - Алчалуу - Кызыл Аскер;13;;loc;
RD1;954;111;Alchalu-Sovetskoye-Donaryk;Алчалуу - Советское - Донарык;Алчалуу - Советское - Донарык;11;;loc;
RD1;954;112;Sovetskoye-Kegety;Советское - Кегети;Советское - Кегети;5;;loc;
RD1;954;113;Chapayevo-Kegety-Arpatektir;Чапаево - Кегети - Арпатеткир;Чапаево - Кегети - Арпатеткир;14;;loc;
RD1;954;114;Kalygul-Shkola-Internat;Калыгул - Школа-интернат;Калыгул - Школа-интернат;9;;loc;
RD1;954;115;Chuy-Ak Beshim;Чуй - Ак Бешим;Чуй - Ак Бешим;4;;loc;
RD1;954;116;Madaniyat-Kyzyl Suu gorge-Kara Moko-Konorchok;Маданият - Ущелье Кызыл Суу - Кара Моко - Конорчок;Маданият - Ущелье Кызыл Суу - Кара Моко - Конорчок;38;;loc;
RD1;958;19;Lubyanoe-Oktyabrskoe-Chuiskoe;Лубяное - Октябрьское - Чуйское;Лубяное - Октябрьское - Чуйское;7;;loc;
RD1;958;30;Grozd-Upper At-Bashy;Грозд - Верхний Ат Башы;Грозд - Верхний Ат Башы;5,5;;loc;
RD1;958;4;Almaty-Bishkek-Tashkent (Bishkek-Kordai part) ;Алматы - Бишкек - Ташкент (отрезок Бишкек - Кордай);Алматы - Бишкек - Ташкент (отрезок Бишкек - Кордай);11,2;0;int;
RD1;958;5;Access road to Bishkek from Kordai ;Подъездная дорога к Бишкеку из Кордая;Подъездная дорога к Бишкеку из Кордая;5,8;4;int;
RD1;958;3;Bishkek -Naryn-Torugart;Бишкек - Нарын - Торугарт;Бишкек - Нарын - Торугарт;32,4;2;int;
RD1;958;21;Krasnaya Rechka -Ysyk Ata ;Красная Речка - Ыссык Ата;Красная Речка - Ыссык Ата;45;;nat;
RD1;958;22;Manas-Kamyshanovka;Манас - Камышановка;Манас - Камышановка;34;;nat;
RD1;958;29;At Bashy channel-Lugovoye;Канал Ат Башы - Луговое;Канал Ат Башы - Луговое;32,1;;nat;
RD2;8;1;Naryn-Baetovo 0-83km ;Нарын - Баетово 0-83 км;Нарын - Баетово 0-83 км;83;6;nat;
RD2;8;2;On Archa-Ashyrma 0-82km;Он Арча - Ашырма 0-82 км;Он Арча - Ашырма 0-82 км;82;6;nat;
RD2;8;3;Naryn-Oruktam 0-75km ;Нарын - Оруктам 0-75 км;Нарын - Оруктам 0-75 км;75;6;nat;
RD2;8;4;Ekinaryn-Kensaz 0-8km;Экинарын - Кенсаз 0-8 км;Экинарын - Кенсаз 0-8 км;18;3;nat;
RD2;8;1;Gosdoroga Pioneer ;Госдорога Пионер;Госдорога Пионер;4,5;;loc;
RD2;8;2;Zhanbulak-Kara Too ;Жанбулак - Кара Тоо;Жанбулак - Кара Тоо;25;;loc;
RD2;8;3;Gosdoroga Shoro ;госдорога Шоро;госдорога Шоро;5;;loc;
RD2;8;4;Gosdoroga 8-Mart ;госдорога 8 Марта;госдорога 8 Марта;7;;loc;
RD2;8;5;Gosdoroga Uch Nura ;госдорога Уч Нура;госдорога Уч Нура;55;;loc;
RD2;8;6;Uchkun-Ortosyrt ;Учкун - Ортосырт;Учкун - Ортосырт;35;;loc;
RD2;8;7;Dostuck Sary Too ;Достук Сары Тоо;Достук Сары Тоо;5,6;;loc;
RD2;8;8;Chalkak 0-0km;Чалкак 0-0 км;Чалкак 0-0 км;10;;loc;
RD2;14;5;Sarybulak-Archaly-Oruktam ;Сары Булак - Оруктам;Сары Булак - Оруктам;176,7;26;nat;
RD2;14;6;Sarybulak-Son Kol ;Сарыбуак - Сон Кол;Сарыбуак - Сон Кол;90;2;nat;
RD2;14;7;Sarybulak-Lahol-Zherkochku ;Сары Булак - Лахол - Жеркочку;Сары Булак - Лахол - Жеркочку;23;1;nat;
RD2;14;8;Balgart-Zhyluusuu;Балгарт - Жылуусуу;Балгарт - Жылуусуу;35;1;nat;
RD2;14;9;Sarybulak-Kyzylbel-Akkyya;Сарыбулак - Кызылбел - Аккыя;Сарыбулак - Кызылбел - Аккыя;24;;loc;
RD2;15;9;Naryn-Baetovo 83-20km ;Нарын - Баетово 83-20 км;Нарын - Баетово 83-20 км;37;1;nat;
RD2;15;10;Baetovo-Makmal ;Баетово - Макмал;Баетово - Макмал;134;6;nat;
RD2;15;11;Baetovo-Akbeyit ;Баетово - Акбейит;Баетово - Акбейит;69;0;nat;
RD2;15;12;Ugut-Alabuka-Zhenish (Kazarman?);Угут - Алабука - Жениш (Казарман?);Угут - Алабука - Жениш (Казарман?);42;3;nat;
RD2;15;13;Aktalchat-Kazarman ;Акталчат - Казарман;Акталчат - Казарман;25;2;nat;
RD2;15;14;Access to the bridge of Naryn r. ;Подъездная дорога к мосту через реку Нарын;Подъездная дорога к мосту через реку Нарын;2;1;nat;
RD2;15;15;Kurtka-Son Kol ;Куртка - Сон Кол;Куртка - Сон Кол;150;1;nat;
RD2;15;16;Naryn-V.Mai;Нарын - 5 Май;Нарын - 5 Май;31;2;nat;
RD2;15;10;Karabulak-Orto Syrt ;Карабулак - Орто Сырт;Карабулак - Орто Сырт;32;;loc;
RD2;15;11;Gosdoroga Pioneer ;Госдорога Пионер;Госдорога Пионер;3;;loc;
RD2;15;12;Kulttsentr-Tuurasuu ;Культцентр - Туурасуу;Культцентр - Туурасуу;40;;loc;
RD2;15;13;Koshdobo-Bychan ;Кошдобо - Бычан;Кошдобо - Бычан;30;;loc;
RD2;15;14;Alabuka-Kazarman (does not exist) ;Алабука - Казарман (не существует);Алабука - Казарман (не существует);48,5;;loc;
RD2;15;15;Akchiy-Sarybel ;Акчий - Сарыбел;Акчий - Сарыбел;35;;loc;
RD2;15;16;Son Kol-Kara Keche pass.;Сон Кол - Перевал Кара Кече;Сон Кол - Перевал Кара Кече;21;;loc;
RD2;18;2;Kazarman-Aktalchat ;Казарман - Акталчат;Казарман - Акталчат;99;0;nat;
RD2;18;3;Jalalabat-Kazarman;Жалад-Абад - Казарман;Жалад-Абад - Казарман;52;2;nat;
RD2;18;34;Kazarman-Akmoynok ;Казарман - Акмойнок;Казарман - Акмойнок;50;;loc;
RD2;18;35;Birdik-Aral-Karl Marx ;Бирдик - Арал - Карл Маркс;Бирдик - Арал - Карл Маркс;14;;loc;
RD2;18;36;Kirov-Ornok-Dodomol ;Киров - Орнок - Додомол;Киров - Орнок - Додомол;34;;loc;
RD2;18;37;Chatkaragay-Kaarmantuz ;Чаткарагай - Каармантуз;Чаткарагай - Каармантуз;40;;loc;
RD2;18;38;Beshkol stow;Урочище Бешкол ;Урочище Бешкол ;12;;loc;
RD2;20;17;At Bashy-Kynda-Torugart;Ат Башы - Кында - Торугарт;Ат Башы - Кында - Торугарт;225;11;nat;
RD2;20;18;Aksay-Ortokashkasuu;Аксай - Ортокашкасуу;Аксай - Ортокашкасуу;92;0;nat;
RD2;20;19;Char-Akmuz 0-5km;Чар - Акмуз 0-5 км;Чар - Акмуз 0-5 км;15;1;nat;
RD2;20;17;Kulzhabashy-Kokkyya;Кулжабашы - Коккыя;Кулжабашы - Коккыя;25;;loc;
RD2;20;18;At Bashy-Achakaiyndy;Ат Башы - Ачакайынды;Ат Башы - Ачакайынды;3;;loc;
RD2;20;19;Kalinin-May-Bosogo;Калинин - Май - Босого;Калинин - Май - Босого;71;;loc;
RD2;20;20;Beshbelchir-Zhany Zher Ulan;Бешбелчир - Жаны Жер Улан;Бешбелчир - Жаны Жер Улан;21;;loc;
RD2;24;1;Kochkor-Aral-Too Ashuu 41-135км;Кочкор - Арал - Тоо Ашуу 41-135 км;Кочкор - Арал - Тоо Ашуу 41-135 км;94;2;int;
RD2;24;20;Aral-Min Kush;Арал - Мин Куш;Арал - Мин Куш;36;2;nat;
RD2;24;21;Chetbulak-Kyzart;Четбулак - Кызарт;Четбулак - Кызарт;7;;loc;
RD2;24;22;Zhumgal-Tugol Say;Жумгал - Тугол Сай;Жумгал - Тугол Сай;26;;loc;
RD2;24;23;Kyzart-Sarybulak;Кызарт - Сарыбулак;Кызарт - Сарыбулак;15;;loc;
RD2;24;24;Kyzyl Tuu-Sarybulak;Кызыл Туу - Сарыбулак;Кызыл Туу - Сарыбулак;17;;loc;
RD2;24;25;Kyzyl Tuu-Shilbili;Кызыл Туу - Шилбили;Кызыл Туу - Шилбили;25;;loc;
RD2;24;26;Kyzyl Tuu-Chon Dobo;Кызыл Туу - Чон Добо;Кызыл Туу - Чон Добо;12;;loc;
RD2;24;27;Diykan-Kolmo;Дыйкан - Колмо;Дыйкан - Колмо;30;;loc;
RD2;24;28;Diykan-Moldo Ashuu;Дыйкан - Молдо Ашуу;Дыйкан - Молдо Ашуу;49;;loc;
RD2;24;29;Kaiyrma-Kolmo-Kara Keche;Кайырма - Колмо - Кара Кече;Кайырма - Колмо - Кара Кече;75;;loc;
RD2;24;30;Chetkuugandy-Chayek-Kara Keche;Четкууганды - Чаек - Кара Кече;Четкууганды - Чаек - Кара Кече;55;;loc;
RD2;24;31;Sarybulun-Ak Kol;Сарыбулун - Ак Кол;Сарыбулун - Ак Кол;10;;loc;
RD2;24;32;Sarybulun-Ornok;Сарыбулун - Орнок;Сарыбулун - Орнок;15;;loc;
RD2;24;33;Sarybulun-Ornok-Saryka;Сарыбулун - Орнок - Сарыка;Сарыбулун - Орнок - Сарыка;45;;loc;
RD3;6;1;Taraz-Talas-Suusamyr;Тараз - Талас - Суусамыр;Тараз - Талас - Суусамыр;38;3;int;
RD3;6;1;Kirovka-St. Maimak ;Кировка - станция Маймак;Кировка - станция Маймак;27;5;nat;
RD3;6;2;Amanbaeva - Tuz Ashu ;Аманбаева - Туз Ашу;Аманбаева - Туз Ашу;31;0;nat;
RD3;6;3;Kirovka - Chatkal;Кировка - Чаткал;Кировка - Чаткал;90;0;nat;
RD3;6;1;Kirovka - Chimkent;Кировка - Чимкент;Кировка - Чимкент;7;;loc;
RD3;6;2;Kirovka - Greben' - Plotina;Кировка - Гребень - Плотина;Кировка - Гребень - Плотина;11;;loc;
RD3;6;3;Karabuura - Doskain;Карабуура - Доскайын;Карабуура - Доскайын;19;;loc;
RD3;6;4;Gosdorga Bakair;Госдорога Бакаир;Госдорога Бакаир;11;;loc;
RD3;6;5;Amanbayeva - Lushchikhina;Аманбаева - Лущихина;Аманбаева - Лущихина;20;;loc;
RD3;6;6;Gosdoroga Kuru Bakair;ГосдорогаКуру Бакаир;ГосдорогаКуру Бакаир;9;;loc;
RD3;6;7;Gosdoroga Akzhar;Госдорога Акжар;Госдорога Акжар;2;;loc;
RD3;6;8;Suluu - Maymak st. Maymak;Сулуу - Станция Маймак - Маймак;Сулуу - Станция Маймак - Маймак;8;;loc;
RD3;6;9;Amanbayeva - Koksay;Аманбаева - Коксай;Аманбаева - Коксай;16;;loc;
RD3;6;10;Kok Say - Babakhan;Кок Сай - Бабахан;Кок Сай - Бабахан;22;;loc;
RD3;6;11;Kok Say - Kaynar - Kok - Say;Кок Сай - Кайнар - Кок Сай;Кок Сай - Кайнар - Кок Сай;12;;loc;
RD3;6;12;Kok Say - Archagul;Кок Сай - Арчагуль;Кок Сай - Арчагуль;3;;loc;
RD3;6;13;Oygain - Babakhan;Ойгайын - Бабахан;Ойгайын - Бабахан;39;;loc;
RD3;6;14;Amanbayeva - Oktyabrskoye;Аманбаева - Октябрьское;Аманбаева - Октябрьское;3;;loc;
RD3;6;15;Sheker - Archagul;Шекер - Арчагуль;Шекер - Арчагуль;8;;loc;
RD3;6;16;Kok Say - Sary Unkur;Кок Сай - Сары Ункур;Кок Сай - Сары Ункур;3;;loc;
RD3;6;17;Gosdoroga Kok Dobo;Госдорога Кок Добо;Госдорога Кок Добо;3;;loc;
RD3;6;18;Access road to Chimkent;Подъездная дорога к Шымкенту;Подъездная дорога к Шымкенту;3,4;;loc;
RD3;6;19;Klyuchovka - May - Bakiyan;Ключовка - Май - Бакиян;Ключовка - Май - Бакиян;4,5;;loc;
RD3;6;20;Gosdoroga - Sarymsak;Госдорога - Сарымсак;Госдорога - Сарымсак;17;;loc;
RD3;19;1;Taraz - Talas - Suusamyr;Тараз -Талас - Суусамыр;Тараз -Талас - Суусамыр;28,5;2;int;
RD3;19;4;Talas - Beshtash;Талас - Бешташ;Талас - Бешташ;76;3;nat;
RD3;19;5;Talas - Nyldy - Pokrovka;Талас - Нылды - Покровка;Талас - Нылды - Покровка;43;1;nat;
RD3;19;6;"Kyzyl Tuu ""Manas ordo""";"Кызыл Туу - ""Манас ордо""";"Кызыл Туу - ""Манас ордо""";3,4;3;nat;
RD3;19;7;Talas - Bakaiata;Талас - Бакай Ата;Талас - Бакай Ата;8;0;nat;
RD3;19;8;Kokoy - Kyzyltuu - Kumbez Manas;Кокой - Кызылтуу - Кумбез Манаса;Кокой - Кызылтуу - Кумбез Манаса;12,6;1;nat;
RD3;19;21;Nyldy - Chyrkanak;Нылды - Чырканак;Нылды - Чырканак;25;;loc;
RD3;19;22;Tasharyk - Akzhar;Ташарык - Акжар;Ташарык - Акжар;6;;loc;
RD3;19;23;"""Manas ordo"" - Ken Kol";"""Манас ордо "" - Кен Кол";"""Манас ордо "" - Кен Кол";31;;loc;
RD3;19;24;Gosdoroga - Chon Chychkan;Госдорога - Чон Чычкан;Госдорога - Чон Чычкан;24;;loc;
RD3;19;25;Zhergetal - Kalba;Жергетал - Калба;Жергетал - Калба;26;;loc;
RD3;19;26;Kozuchak - Televyshka;Козучак - Телевышка;Козучак - Телевышка;6;;loc;
RD3;19;27;Access road to Ogombayev v.;Подъездная дорога к селу Огомбаев;Подъездная дорога к селу Огомбаев;3;;loc;
RD3;19;28;Talas - Balbal - Kozuchak;Талас - Балбал - Козучак;Талас - Балбал - Козучак;8;;loc;
RD3;19;29;Access road to Aral v.;подъездная дорога к селу Арал;подъездная дорога к селу Арал;2;;loc;
RD3;19;30;Access road to Karaoy v.;подъездная дорогак селу Караой;подъездная дорогак селу Караой;3;;loc;
RD3;36;1;Taraz - Talas - Suusamyr;Тараз - Талас - Суусамыр;Тараз - Талас - Суусамыр;11;3;int;
RD3;36;2; Suusamyr- Talas - Taraz;Суусамыр - Талас - Тараз;Суусамыр - Талас - Тараз;73;0;int;
RD3;36;31;Chatbazar-Aral-Taldybulak;Чатбазар - Арал - Талдыбулак;Чатбазар - Арал - Талдыбулак;50;;loc;
RD3;36;32;Kopurobazar - Karakol;Копуробазар - Каракол;Копуробазар - Каракол;60;;loc;
RD3;36;33;Konezavod - Taldybulak;Конезавод - Талдыбулак;Конезавод - Талдыбулак;20;;loc;
RD3;36;34;Konezavod - Ortokoshoy;Конезавод - Ортокошой;Конезавод - Ортокошой;20;;loc;
RD3;36;35;Konezavod - Chonkoshoy;Конезавод - Чонкошой;Конезавод - Чонкошой;20;;loc;
RD3;36;36;Konezavod - Sandyk;Конезавод - Сандык;Конезавод - Сандык;15;;loc;
RD3;36;37;Kommun - Chonor - Lugovoye;Коммун - Чонор - Луговое;Коммун - Чонор - Луговое;37;;loc;
RD3;47;1;Taraz - Talas - Suusamyr;Тараз - Талас - Суусамыр;Тараз - Талас - Суусамыр;34,5;3;int;
RD3;47;9;Talas - Kalinin - Bakaiata;Талас - Калинин - Бакай Ата;Талас - Калинин - Бакай Ата;30;4;nat;
RD3;47;38;Klyuchevka - May - Bakyyan;Ключевка - Май - Бакыян;Ключевка - Май - Бакыян;13,5;;loc;
RD3;47;39;Kenaral - Kalinin;Кенерал - Калинин;Кенерал - Калинин;5;;loc;
RD3;47;40;Bakaiata - Namatbek;Бакай Ата - Наматбек;Бакай Ата - Наматбек;4;;loc;
RD3;47;41;Bakaiata - Uchemchek;Бакай Ата - Учэмчек;Бакай Ата - Учэмчек;12;;loc;
RD3;47;42;Minbulak - Namatbek;Минбулак - Наматбек ;Минбулак - Наматбек ;6;;loc;
RD3;47;43;Kyzyloktyabr - Koktash;Кызыл Октябрь - Кокташ;Кызыл Октябрь - Кокташ;6;;loc;
RD3;47;44;Ozgorush - Nyldy;Озгоруш - Нылды;Озгоруш - Нылды;11;;loc;
RD3;47;45;Kumushtash stow;Урочище Кумушташ;Урочище Кумушташ;48;;loc;
RD3;47;46;Urmaral stow;Урочище Урмарал;Урочище Урмарал;30;;loc;
RD3;47;47;Karakoyun stow;Урочище Каракоюн;Урочище Каракоюн;15;;loc;
RD3;47;48;Tabylgyty stow;Урочище Табылгыты;Урочище Табылгыты;15;;loc;
RD3;47;49;Chiyimtash stow;Урочище Чыйымташ;Урочище Чыйымташ;4;;loc;
RD3;47;50;Bakaiata - Kumushtak stow;Бакай Ата - Урочище Кумуштак;Бакай Ата - Урочище Кумуштак;10;;loc;
RD3;48;1;Taraz - Talas - Suusamyr;Тараз - Талас - Суусамыр;Тараз - Талас - Суусамыр;19;0;int;
RD3;48;10;Talas - Pokrovka - Kaiyndy;Талас - Покровка - Кайнды;Талас - Покровка - Кайнды;31;6;nat;
RD3;48;51;Pokrovka - Balasaruu;Покровка - Баласаруу;Покровка - Баласаруу;10;;loc;
RD3;48;52;Manas - Novodonetsk;Манас - Новодонекц;Манас - Новодонекц;11;;loc;
RD3;48;53;Uch-Korgon;Уч Коргон;Уч Коргон;7;;loc;
RD3;48;54;Pokrovka - MTF;Покровка - МТФ;Покровка - МТФ;5;;loc;
RD3;48;55;Pokrovka - Zhaiylgan - Minteke;Покровка - Жайылган - Минтеке;Покровка - Жайылган - Минтеке;38;;loc;
RD3;48;56;Karaarcha;Караарча;Караарча;8;;loc;
RD3;48;57;PRP;ПРП;ПРП;5;;loc;
RD3;48;58;Nyldy - Achyktash;Нылды - Ачыкташ;Нылды - Ачыкташ;22;;loc;
RD3;48;59;Chon Kapka - Aktash - Mayskoye ;Чон Капка - Акташ - Майское;Чон Капка - Акташ - Майское;16;;loc;
RD3;48;60;Gr.Plotina - pov.s.Pokrovka;Плотина - Покровка;Плотина - Покровка;8;;loc;
RD3;48;61;Manas road;трасса Манас;трасса Манас;3;;loc;
RD3;48;62;Syogot road;трасса Сыйгот;трасса Сыйгот;3;;loc;
RD3;48;63;Uchkorgon road;трасса Учкоргон;трасса Учкоргон;4;;loc;
RD3;48;64;Sarybulak road;трасса Сарыбулак;трасса Сарыбулак;3;;loc;
RD4;3;1;Balykchi-Bokonbaevo-Karakol 124-150km ;Балыкчы - Боконбаево - Каракол 124-150 км;Балыкчы - Боконбаево - Каракол 124-150 км;26;5;int;
RD4;3;4;Barskoon-Ak Shiyrak 0-208km;Барскоон - Ак Шыйрак 0-208 км;Барскоон - Ак Шыйрак 0-208 км;163;6;int;
RD4;3;1;Sook-Karakolka-Kurmontu 0-95km;Соок - Караколка - Курмонту 0-95 км;Соок - Караколка - Курмонту 0-95 км;95;3;nat;
RD4;3;1;Gosdoroga Barskoon-Tamga ;госдорога Барскоон - Тамга;госдорога Барскоон - Тамга;11;;loc;
RD4;3;2;"Gosdoroga resort ""CABO""";"госдорога Дом отдыха ""САВО""";"госдорога Дом отдыха ""САВО""";2;;loc;
RD4;4;2;Balykchi-Ananyevo-Karakol 156-207 ;Балыкчы - Ананьево - Каракол 156-207 км;Балыкчы - Ананьево - Каракол 156-207 км;51;4;int;
RD4;4;3;Tup-Kegen;Тюп - Кеген;Тюп - Кеген;76;17;int;
RD4;4;2;Mikhailovka-Nikolayevka-Sary Tologoi;Михайловка - Николаевка - Сары Тологой;Михайловка - Николаевка - Сары Тологой;82;4;nat;
RD4;4;3;Karkyra-Turuk-Sary Jaz;Каркыра - Турук - Сары Жаз;Каркыра - Турук - Сары Жаз;80;4;nat;
RD4;4;4;Cemzavod-Kurmontu-Pristan';Цемзавод - Курмонту - Пристань;Цемзавод - Курмонту - Пристань;8;1;nat;
RD4;4;3;Dolon-Kosh Dobo-Min Bulak;Долон - Кош Добо - Мин Булак;Долон - Кош Добо - Мин Булак;13;;loc;
RD4;4;4;Kara Suu-Tasma-Chon Toguzbay;Кара Суу - Тасма - Чон Тогузбай;Кара Суу - Тасма - Чон Тогузбай;7;;loc;
RD4;4;5;Taldy Suu-Aral;Талды Суу - Арал;Талды Суу - Арал;10;;loc;
RD4;4;6;Tup-Shaty-Taldy Suu;Тюп - Шаты - Талды Суу;Тюп - Шаты - Талды Суу;17;;loc;
RD4;4;7;Sary Tologoy-Chon Bulak;Сары Тологой - Чон Булак;Сары Тологой - Чон Булак;20;;loc;
RD4;4;8;Turuk-Zhaak;Турук - Жаак;Турук - Жаак;20;;loc;
RD4;4;9;Shaty-Sarybulak;Шаты - Сарыбулак;Шаты - Сарыбулак;7;;loc;
RD4;4;10;Tup-Pritsan';Тюп - Пристань;Тюп - Пристань;3;;loc;
RD4;4;11;Belovodsk-agricultural Tekhnikum;Беловодск - Аграрный техникум;Беловодск - Аграрный техникум;3;;loc;
RD4;4;12;Ken Suu-leskhoz;Кен Суу - Лесхоз;Кен Суу - Лесхоз;6;;loc;
RD4;4;13;Zhylanach-Arpa Tektir;Жаланач - Арпа Тектир;Жаланач - Арпа Тектир;30;;loc;
RD4;4;14;Dongolok-Saz-Slivpunkt;Донголок - Саз - Сливпункт;Донголок - Саз - Сливпункт;13;;loc;
RD4;4;15;3-ferma - Chymyndy Say;3 ферма - Чымынды Сай;4 ферма - Чымынды Сай;22;;loc;
RD4;4;16;Mikhailovka-Nikolayevka;Михайловка - Николаевка;Михайловка - Николаевка;10;;loc;
RD4;7;2;Balykchy-Ananyevo-Karakol l40-156km;Балыкчы - Ааньево - Каракол 140-156 км;Балыкчы - Ааньево - Каракол 140-156 км;116;29;int;
RD4;7;5;Grigoryevka-Pristan';Григорьевка - Пристань;Григорьевка - Пристань;8;0;nat;
RD4;7;17;Cholpon Ata-Zolotaya Gorka;Чолпон Ата - Золотая Горка;Чолпон Ата - Золотая Горка;4;;loc;
RD4;7;18;Turbaza-Ananyevo-Kok Dobo;Турбаза - Ананьево - Кок Добо;Турбаза - Ананьево - Кок Добо;11,8;;loc;
RD4;7;19;Kalinin-Liman;Калинин - Лиман;Калинин - Лиман;14;;loc;
RD4;7;20;Chon Sary Oy-Tegerek;Чон Сары Ой - Тегерек;Чон Сары Ой - Тегерек;10;;loc;
RD4;7;21;Progress-Ak Shybak;Прогресс - Ак Шыбак;Прогресс - Ак Шыбак;9;;loc;
RD4;7;22;Bosteri-Tegerek;Бостери - Тегерек;Бостери - Тегерек;10;;loc;
RD4;7;23;Komsomol M.T.F.;Комсмол МТФ;Комсмол МТФ;12;;loc;
RD4;7;24;Korumdu-Kum Bel;Корумду - Кум Бел;Корумду - Кум Бел;10,5;;loc;
RD4;7;25;Temirovka-Chon Ak Suu;Темировка - Чон Ак Суу;Темировка - Чон Ак Суу;13;;loc;
RD4;7;26;Grigoryevka-Kol-Kashka Suu;Григорьевка - Кол - КашкаСуу;Григорьевка - Кол - КашкаСуу;16;;loc;
RD4;7;27;Semenovka-Ak Suu;Семеновка - Ак Суу ;Семеновка - Ак Суу ;27;;loc;
RD4;7;28;Zharkymbayevo-ABTs-Karal Dobo;Жаркымбаево - АБТ - Кара Добо;Жаркымбаево - АБТ - Кара Добо;6;;loc;
RD4;7;29;Oruktu-Uzun Bulak;Орукту - Узун Булак;Орукту - Узун Булак;9;;loc;
RD4;10;1;Balykchy-Bokonbayevo-Karakol;Балыкчы - Боконбаево - Каракол ;Балыкчы - Боконбаево - Каракол ;56;6;int;
RD4;10;2;Balykchy-Ananyevo-Karakol;Балыкчы - Ананьево - Каракол;Балыкчы - Ананьево - Каракол;40;3;int;
RD4;10;6;Bishkek-Torugart;Бишкек - Торугарт;Бишкек - Торугарт;56;;int;
RD4;10;6;Balykchy-Bokonbayevo-Karakol 16 km Bishkek-Torugart 194 км;Балыкчы - Боконбаево - Каракол 16 км Бишкек - Торугарт 194 км;Балыкчы - Боконбаево - Каракол 16 км Бишкек - Торугарт 194 км;12;0;nat;
RD4;10;7;Semiz Bel-Ottuk ;Семиз Бел - Оттук;Семиз Бел - Оттук;30;0;nat;
RD4;10;8;Bokonbaevo-Don Tala-Ottuk;Боконбаево - Дон Тала - Оттук;Боконбаево - Дон Тала - Оттук;44;;nat;
RD4;10;30;Ala Bash-Sary Bel;Ала Баш - Сары Бел;Ала Баш - Сары Бел;45;;loc;
RD4;10;31;Kara Tala-Tuura Suu;Кара Тала - Туура Суу;Кара Тала - Туура Суу;26;;loc;
RD4;10;32;Ak-Terek-Don Talaa;Ак Терек - Дон Талаа;Ак Терек - Дон Талаа;15;;loc;
RD4;10;33;Sary Kamysh-Chok Tal-Oi Bulak;Сары Камыш - Чок Тал - Ой Булак;Сары Камыш - Чок Тал - Ой Булак;10;;loc;
RD4;10;34;Chyrpykty-Achyk Tash;Чырпыкты - Ачык Таш;Чырпыкты - Ачык Таш;9,5;;loc;
RD4;10;35;Chyrpykty-Kabyrga;Чырпыкты - Кабырга ;Чырпыкты - Кабырга ;16,1;;loc;
RD4;11;5;Karakol-Barskoon through Enilchek v.;Каракол - Барскоон через село Энилчек;Каракол - Барскоон через село Энилчек;136;16;int;
RD4;11;9;Boz-Uchuk-sh.Zhyrgalan;Боз - Учук - Жыргалан;Боз - Учук - Жыргалан;30;4;nat;
RD4;11;10;Karakol-Razdolnoye-Sovetskoye-Syrzavod;Каракол - Раздольное - Советское - Сырзавод;Каракол - Раздольное - Советское - Сырзавод;51;4;nat;
RD4;11;11;Karkyra-Turuk-Sary Zhaz-Ottuk;Каркыра - Турук - Сары Жаз - Оттук;Каркыра - Турук - Сары Жаз - Оттук;76;2;nat;
RD4;11;12;Teploklyuchenka-Ak-Suu resort;Теплоключенка - парк Ак Суу;Теплоключенка - парк Ак Суу;7;4;nat;
RD4;11;36;Karakol c.-Karakol stow ;Каракол - урочище Каракол;Каракол - урочище Каракол;30;;loc;
RD4;11;37;Leskhoz-Arashan stow;Лесхоз - Урочище Арашан;Лесхоз - Урочище Арашан;25;;loc;
RD4;11;38;Gosdoroga-Uch Kaynar v.;Госдорога - село Уч Кайнар;Госдорога - село Уч Кайнар;6;;loc;
RD4;11;39;Ak Bulun-Toktogul;Ак Булун - Токтогул;Ак Булун - Токтогул;8;;loc;
RD4;11;40;Boz Uchuk-Enchilesh;Боз Учук - Энилчек;Боз Учук - Энилчек;4;;loc;
RD4;11;41;Enilchek stow-Kaiyndy stow;урочище Энилчек - урочище Кайынды;урочище Энилчек - урочище Кайынды;45;;loc;
RD4;11;42;Gosdoroga-Kaiyrma-Aryk;Госдорога - Кайырма - Арык;Госдорога - Кайырма - Арык;3;;loc;
RD4;11;43;Gosdoroga-Ichke-Zhergez;Госдорога - Ичке - Жергез;Госдорога - Ичке - Жергез;2;;loc;
RD4;11;44;Gosdoroga - Zholgolot v.;Госдорога - Жолголот;Госдорога - Жолголот;4;;loc;
RD4;11;45;Orlinoye-Otradnoye;Орлиное - Отрадное;Орлиное - Отрадное;13;;loc;
RD4;11;46;Gosdoroga - Oktyabr v. (Maman);Госдорога - село Октябрь (Маман);Госдорога - село Октябрь (Маман);3;;loc;
RD4;11;47;Tegizchil-Uch-Kaynar v.;Тегизчил - Уч - Кайнар;Тегизчил - Уч - Кайнар;4;;loc;
RD4;11;48;Basharino-Chymyndy Say;Башарино - Чымынды Сай;Башарино - Чымынды Сай;30;;loc;
RD4;11;49;Tepke-Zhyldyz-Karakol;Тепке - Жылдыз - Каракол;Тепке - Жылдыз - Каракол;15;;loc;
RD4;11;50;Gosdoroga-Karakol;Госдорога - Каракол;Госдорога - Каракол;14;;loc;
RD4;33;1;Balykchy-Bokonbayevo-Karakol 56-124km;Балыкчы - Боконбаево - Каракол 56-124км;Балыкчы - Боконбаево - Каракол 56-124км;68;27;int;
RD4;33;13;Bokonbayevo-Koltor-Don Talaa with access road to Komsomol;Боконбаево - Колтор - Дон Талаа с подъездной дорогой к Комсомолу;Боконбаево - Колтор - Дон Талаа с подъездной дорогой к Комсомолу;67;10;nat;
RD4;33;14;Bokonbayevo-Tosor-Zhyluusuu-Archaly;Боконбаево - Тосор - Жылуусуу - Арчалы;Боконбаево - Тосор - Жылуусуу - Арчалы;134;2;nat;
RD4;33;51;"Mine ""Centralnaya"" ";"Шахта ""Центральная""";"Шахта ""Центральная""";7;;loc;
RD4;33;52;Bokonbaevo-Kyrchyn ;Боконбаево - Кырчын;Боконбаево - Кырчын;30;;loc;
RD4;33;53;Ton-Archaly ;Тон - Арчалы;Тон - Арчалы;80;;loc;
RD4;33;54;Aksai-Koksai ;Аксай - Коксай;Аксай - Коксай;8;;loc;
RD4;33;55;Burkan-Zhamanechki ;Буркан - Жаманэчки;Буркан - Жаманэчки;45;;loc;
RD4;33;56;"Gosdoroga Pioneer ""Lager"" ";Госдорога Пионерлагерь;Госдорога Пионерлагерь;3;;loc;
RD4;33;57;Tort Kul-Airport ;Торт Куль - Аэропорт;Торт Куль - Аэропорт;2;;loc;
RD4;33;58;Turning to Toguzbulak ;Поворот на Тогузбулак;Поворот на Тогузбулак;5;;loc;
RD4;33;59;Aksai-Ton ;Аксай - Тон;Аксай - Тон;10;;loc;
RD4;33;60;Tuuratam-Karooldobo;Тууратам - Кароолдобо;Тууратам - Кароолдобо;10;;loc;
RD4;35;1;Balykchy-Bokonbayevo-Karakol150-220;Балыкчы - Боконбаево - Каракол 150-220 км;Балыкчы - Боконбаево - Каракол 150-220 км;70;6;int;
RD4;35;2;Balykchy-Ananyevo-Karakol207-218;Балыкчы - Ананьево - Каракол 207-218;Балыкчы - Ананьево - Каракол 207-219;11;1;int;
RD4;35;15;Karakol-Pristan;Каракол - Пристань;Каракол - Пристань;11;2;nat;
RD4;35;16;Zheti Oguz-Koy Sary;Жети Огуз - Кой Сары;Жети Огуз - Кой Сары;31;4;nat;
RD4;35;17;Kyzyl Suu-Pristan;Кызыл Суу - Пристань;Кызыл Суу - Пристань;10;3;nat;
RD4;35;61;Konkino-Zheti Oguz-Telti;Конкино - Жети Огуз - Телти;Конкино - Жети Огуз - Телти;47;;loc;
RD4;35;62;Shalbaa-Lipenka-Zhon Bulak;Шалбаа - Липенка - Жон Булак;Шалбаа - Липенка - Жон Булак;30;;loc;
RD4;35;63;Lipenka-Karakol pass;Липенка - перевал Каракол;Липенка - перевал Каракол;9;;loc;
RD4;35;64;Zhele Dobo-Zheti Oguz;Желе Добо - Жети Огуз;Желе Добо - Жети Огуз;2;;loc;
RD4;35;65;Ak Kochkor-Baltabay-Irdyk;Ак Кочкор - Балтабай - Ирдык;Ак Кочкор - Балтабай - Ирдык;12;;loc;
RD4;35;66;Boz Bulun-Kara Zhal;Боз Булун - Кара Жал;Боз Булун - Кара Жал;8;;loc;
RD4;35;67;Karakol-Boru Bash;Каракол - Бору Баш;Каракол - Бору Баш;21;;loc;
RD4;35;68;Gosdoroga-Talap;Госдорога - Талап;Госдорога - Талап;2;;loc;
RD4;35;69;Chon Kyzyl Suu-Kyzyl Suu;Чон Кызыл Суу - Кызыл Суу;Чон Кызыл Суу - Кызыл Суу;22;;loc;
RD4;35;70;Chon Kyzyl Suu-sv.Polyana;Чон Кызыл Суу - Поляна;Чон Кызыл Суу - Поляна;2;;loc;
RD4;35;71;Suttu Bulak-Boz Beshik-Munduz;Сутту Булак - Боз Бешик - Мундуз;Сутту Булак - Боз Бешик - Мундуз;55;;loc;
RD4;35;72;Ak Dobo-Televyshka;Ак Добо - Телевышка;Ак Добо - Телевышка;6;;loc;
RD4;35;73;Tort Kul-Darkhan-Tik Kyya;Торт Куль - Дархан - Тик Кыя;Торт Куль - Дархан - Тик Кыя;17;;loc;
RD4;35;74;Kirpichnyi-Saruu-Zhuuku;Кирпичный - Саруу - Жууку;Кирпичный - Саруу - Жууку;65;;loc;
RD4;35;75;Zhenish-Zhaiyt-Ak Terek 0-36;Жениш - Жайыт - Ак Терек 0-36км;Жениш - Жайыт - Ак Терек 0-36км;36;;loc;
UAD_BNT;32;1;Bishkek – Torugart 82-147 km;Бишкек - Торугарт 82-147 км;Бишкек - Торугарт 82-147 км;65;6;int;
UAD_BNT;32;14;Kemin-Shabdan-Kok Oirok;Кемин - Шабдан - Кок Ойрок;Кемин - Шабдан - Кок Ойрок;102;10;nat;
UAD_BNT;32;15;Kemin-Ilich-Ak Tuz;Кемин - Ильич - Ак Тюз;Кемин - Ильич - Ак Тюз;36;7;nat;
UAD_BNT;32;16;Boroldoy-Zholbulak;Боролдой - Жолбулак;Боролдой - Жолбулак;8;0;nat;
UAD_BNT;32;17;Kemin-Orlovka;Кемин - Орловка;Кемин - Орловка;6;0;nat;
UAD_BNT;32;12;Tar Suu-Tegirmenti;Таш Суу - Тегирменти;Таш Суу - Тегирменти;15;;loc;
UAD_BNT;32;13;Gosdoroga-Kyzyl Octyabr;Госдорога - Кызыл Октябрь;Госдорога - Кызыл Октябрь;2;;loc;
UAD_BNT;32;14;Chui bridge-Beisheke-Boroldoy ;Чуйский мост - Бейшеке - Боролдой;Чуйский мост - Бейшеке - Боролдой;16;;loc;
UAD_BNT;32;15;Beisheke-Orto-Jon ;Бейшеке - Орто Жон;Бейшеке - Орто Жон;30;;loc;
UAD_BNT;32;16;Boroldoy-Konur-Belsaz-Ilich ;Боролой - Конур - Белсаз - Ильич;Боролой - Конур - Белсаз - Ильич;52;;loc;
UAD_BNT;32;17;128km-Gosdaroga-Terek Sai stow ;128 км - Госдорога - Урочище Терек Сай;129 км - Госдорога - Урочище Терек Сай;18;;loc;
UAD_BNT;32;18;Zhanyzhol-Zholbulak-Zhyltyr ;Жаныжол - Жолбулак - Жылтыр;Жаныжол - Жолбулак - Жылтыр;13;;loc;
UAD_BNT;32;19;Boroldoy-MTF ;Боролдой - МТФ;Боролдой - МТФ;2;;loc;
UAD_BNT;32;20;Chym Korgon-MTF ;Чымкоргон - МТФ;Чымкоргон - МТФ;5;;loc;
UAD_BNT;32;59;Kara Bulak-Beisheke;Кара Булак - Бейшеке;Кара Булак - Бейшеке;7;;loc;
UAD_BNT;34;2;Kant-Tokmok Kemin 18-39 km ;Кант - Токмок - Кемин 18-39 км;Кант - Токмок - Кемин 18-39 км;21;0;int;
UAD_BNT;34;2;Kant-Tokmok Kemin 39-86 km;Кант - Токмок - Кемин 39-86 км;Кант - Токмок - Кемин 39-86 км;47;3;int;
UAD_BNT;34;1;Tokmok-Kalinovka 0-19 km;Токмок - калиновка 0-19км;Токмок - калиновка 0-19км;19;5;nat;
UAD_BNT;34;2;Tokmok-Shamshy-Tuyuk 0-42 km;Токмок - Шамси - Туюк 0-42 км;Токмок - Шамси - Туюк 0-42 км;42;6;nat;
UAD_BNT;34;3;Orlovka-Chym Korgon;Орловка - Чым Коргон;Орловка - Чым Коргон;14;1;nat;
UAD_BNT;34;4;Orlovka-Madaniyat-Shamshy;Орловка - Маданият - Шамси;Орловка - Маданият - Шамси;18;3;nat;
UAD_BNT;34;7;Kant - Chuyskiy most 0-13,4 km;Кант - Чуйский мост 0-13,4км;Кант - Чуйский мост 0-13,4км;13,4;1;nat;
UAD_BNT;34;18;Orlovka-Zhany-Alysh;Орловка - Жаны Алыш;Орловка - Жаны Алыш;6,1;0;nat;
UAD_BNT;34;1;Pioner Lager-Pastbishche-Bel Saz;Пионерлагерь - пастбище Бел Саз;Пионерлагерь - пастбище Бел Саз;28;;loc;
UAD_BNT;34;2;Kirovo-Syn Tash 0-5 km;Кирово - Сын Таш 0-5 км;Кирово - Сын Таш 0-5 км;5;;loc;
UAD_BNT;34;3;Ak Say-Yuryevka 0-5 km;Ак Сай - Юрьевка 0-5 км;Ак Сай - Юрьевка 0-5 км;5;;loc;
UAD_BNT;34;4;Epkin kr. vostok-Budenovka with access road to Sotsialchy v.;Эпкин восток - Буденовка с подъездной дорогой к селу Социалчы;Эпкин восток - Буденовка с подъездной дорогой к селу Социалчы;31;;loc;
UAD_BNT;34;5;Krasnaya Rechka - bypass road 0-4 km;Красная речка - объездная дорога 0-4 км;Красная речка - объездная дорога 0-4 км;4;;loc;
UAD_BNT;34;6;Ken Bulun - Svinsovkhoz 0-19 km;Кен Булун - Свинсовхоз 0-19 км;Кен Булун - Свинсовхоз 0-19 км;19;;loc;
UAD_BNT;34;7;Ivanovka - bypass road 0-4 km;Ивановка - объездная дорога 0-4 км;Ивановка - объездная дорога 0-4 км;4;;loc;
UAD_BNT;34;8;Ivanovka - Plodopitomnik 0-2 km;Ивановка - Плодопитомник 0-2 км;Ивановка - Плодопитомник 0-2 км;2;;loc;
UAD_BNT;34;9;Rot Front - Syntash 0-10 km;Рот Фронт - Сынташ 0-10 км;Рот Фронт - Сынташ 0-10 км;10;;loc;
UAD_BNT;34;10;38 km. Gosdoroga - Bypass road 0-3 km;38 км Госдорога - Объездная дорога 0-3 км;39 км Госдорога - Объездная дорога 0-3 км;3;;loc;
UAD_BNT;34;11;Orlovka-Taldy Bulak-P.Oktorkoy;Орловка - Талды Булак - П.Окторкой;Орловка - Талды Булак - П.Окторкой;25;;loc;
UAD_BNT;34;38;Kenesh-Bypass road 0-5 km;Кенеш - Объездная дорога - 0-5 км;Кенеш - Объездная дорога - 0-5 км;5;;loc;
UAD_BNT;39;3;Almaty-Bishkek-Tashkent 232-255 km ;Алматы - Бишкек - Ташкент 232-255 км;Алматы - Бишкек - Ташкент 232-255 км;23;5;int;
UAD_BNT;39;4;Access to Bishkek 0-17 km;Подъездная дорога к Бишкеку 0-17 км;Подъездная дорога к Бишкеку 0-17 км;17;3;int;
UAD_BNT;39;5;Maevka-Ala Archa reservoir 0-9 km;Маевка - водохранилище Ала Арча 0-9 км;Маевка - водохранилище Ала Арча 0-9 км;9;1;nat;
UAD_BNT;39;6;Voenno Antonovka - Uchhoz 0-12,5 km;Военно Антоновка - Учхоз 0-12,5 км;Военно Антоновка - Учхоз 0-12,5 км;12,5;1;nat;
UAD_BNT;39;21;Vostochnoye - Zhanypakhta 0-12 km;Восточное - Жаныпахта 0-12 км;Восточное - Жаныпахта 0-12 км;12;;loc;
UAD_BNT;39;22;Bishkek - Kamyshanovka-Broylernaya 0-11 km;Бишкек - Камышановка - Бройлерная 0-11км;Бишкек - Камышановка - Бройлерная 0-11км;11;;loc;
UAD_BNT;39;23;Zhany Pakhta - Nizhnechuisk - Mirnyy - Taltak 0-20 km;Жаныпахта - Нижнечуйск - мирный - талтак 0-2,км;Жаныпахта - Нижнечуйск - мирный - талтак 0-2,км;20;;loc;
UAD_BNT;39;24;Access road to Lesnoye v. 0-3 km;подъездная дорога к селу Лесное 0-3 км;подъездная дорога к селу Лесное 0-3 км;3;;loc;
UAD_BNT;39;25;Chatkul - Tortkul - Uchkhoz 0-18 km;Чаткул - Торткул - Учхоз 0-18км;Чаткул - Торткул - Учхоз 0-18км;18;;loc;
UAD_BNT;39;26;Sovhoz Frunze - RKOOS 0-7 km;Совхоз Фрунзе - РКООС 0-7 км;Совхоз Фрунзе - РКООС 0-7 км;7;;loc;
UAD_BNT;39;27;Bishkek - Kr. Stroitel 0-4 km;Бишкек - Красный Строитель 0-4 км;Бишкек - Красный Строитель 0-4 км;4;;loc;
UAD_BNT;39;28;Prigorodnoye - Ozernoye 0-14 km;Пригородное - Озерное 0-14км;Пригородное - Озерное 0-14км;14;;loc;
UAD_BNT;39;29;Rassvet - Mramornoye 0-11 km;Рассвет - Мраморное 0-11км;Рассвет - Мраморное 0-11км;11;;loc;
UAD_BNT;39;30;Leninskoye - Ozernoye 0-6,1 km;Ленинское - Озерное 0-6,1км;Ленинское - Озерное 0-6,1км;6,1;;loc;
UAD_BNT;39;31;Lebedinovka - GES-5 0-6,6 km;Лебединовка - ГЭС% 0-6,6км;Лебединовка - ГЭС% 0-6,6км;6,6;;loc;
UAD_BNT;39;32;Alamudun - Mykan - Dachnyi 0-9,2 km;Аламедин - Мукан - Дачныйм0-9,2км;Аламедин - Мукан - Дачныйм0-9,2км;9,2;;loc;
UAD_BNT;39;33;Leninskoye - Kaiyrma-p/ya Moldovanovka 0-5 km;Ленинское - Кайырма - Молдовановка 0-5км;Ленинское - Кайырма - Молдовановка 0-5км;5;;loc;
UAD_BNT;39;34;Lebedinovka - Mazarsuu 0-3 km;Лебединовка - Мазарсуу 0-3км;Лебединовка - Мазарсуу 0-3км;3;;loc;
UAD_BNT;39;35;GES-5 - MGKO 0-3,5 km;ГЭС5 - МГКО 0-3,5км;ГЭС5 - МГКО 0-3,5км;3,5;;loc;
UAD_BNT;39;36;Leninskoye-GES-5 0-3 km;Ленинское - ГЭС5 0-3 км;Ленинское - ГЭС5 0-3 км;3;;loc;
UAD_BNT;39;37;Mayskiy - Nizhnyaya Ala Archa 0-6,6 km;Майский - Нижняя Ала Арча 0-6,6 км;Майский - Нижняя Ала Арча 0-6,6 км;6,6;;loc;
UAD_BNT;41;1;Bishkek- Naryn-Torugart  283-367 km;Бишкек - Нарын - Торугарт 283-367 км;Бишкек - Нарын - Торугарт 283-367 км;103;8;int;
UAD_BNT;41;5;Bypass road Naryn c. 0-5,1 km;Объездная дорога города Нарын 0-5,1 км;Объездная дорога города Нарын 0-5,1 км;5,1;1;int;
UAD_BNT;41;39;Gosdoroga-Konezavod 0-1 km ;Госдорога - Конезавод 0-1км;Госдорога - Конезавод 0-1км;1;;loc;
UAD_BNT;41;40;Onarcha-Echki Bashy 0-5 km;Онарча - Эчки башы 0-5 км;Онарча - Эчки башы 0-5 км;5;;loc;
UAD_BNT;41;41;Gosdoroga-Min Bulak 0-15 km;Госдорога - Минбулак 0-15 км;Госдорога - Минбулак 0-15 км;15;;loc;
UAD_BNT;41;42;Gosdoroga-Emgekchil 0-9 km;Госдорога - Эмгекчил 0-9 км;Госдорога - Эмгекчил 0-9 км;9;;loc;
UAD_BNT;41;43;Dolon - Kichikarakuzhur-Soltonsary 0-60 km;Долон - Кичикаракужур - Солтонсары 0-60 км;Долон - Кичикаракужур - Солтонсары 0-60 км;60;;loc;
UAD_BNT;41;45;Ekiottuk - Karatalzhapyryk-Son Kol 0-60 km;Экиоттук - Караталжапырык - Сон Кол 0-60 км;Экиоттук - Караталжапырык - Сон Кол 0-60 км;40;;loc;
UAD_BNT;41;46;Teskey-Torpu - Son Kol 0-20 km;Тескей - Торпу - Сон Кол 0-60 км;Тескей - Торпу - Сон Кол 0-60 км;20;;loc;
UAD_BNT;955;1;Bishkek-Naryn-Torugart 203-264 km;Бишкек - Нарын - Торугарт 203-264 км;Бишкек - Нарын - Торугарт 203-264 км;61;0;int;
UAD_BNT;955;6;Zhanyzhol-Zhoonaryk 0-11,2 km;Жаныжол - Жоонарык 0-11,2 км;Жаныжол - Жоонарык 0-11,2 км;11,2;5;int;
UAD_BNT;955;7;Kokmoynok-Kuvaky-Kochkor 0-26,1km ;Кокмойнок - Кувакы - Кочкор 0-26,1 км;Кокмойнок - Кувакы - Кочкор 0-26,1 км;19,9;5;int;
UAD_BNT;955;8;Kochkor-Aral 0-41km ;Кочкор - Арал 0-41 км;Кочкор - Арал 0-41 км;41;0;int;
UAD_BNT;955;8;Komsomol-Karakol pass 0-42,7 km;Комсомол - перевал Каракол 0-42,7 км;Комсомол - перевал Каракол 0-42,7 км;42,7;0;nat;
UAD_BNT;955;9;Kegeti-Vostochniy Karakol 0-14,4 km;Кегети - Восточный Каракол 0-14,4 км;Кегети - Восточный Каракол 0-14,4 км;14,4;0;nat;
UAD_BNT;955;10;Kochkor-Kommunizm 0-80 km;Кочкор - Коммунизм 0-80 км;Кочкор - Коммунизм 0-80 км;80;9;nat;
UAD_BNT;955;47;Kochkor-Isakeev 0-18 km ;Кочкор - Исакеев 0-18 км;Кочкор - Исакеев 0-18 км;18;;loc;
UAD_BNT;955;48;Kochkor-Ormonkhan 0-30 km;Кочкор - Ормонхан 0-30 км;Кочкор - Ормонхан 0-30 км;30;;loc;
UAD_BNT;955;49;Kochkor-Arsy-Kyzylompol 0-27 km;Кочкор - Арсы - Кызыломпол 0-27 км;Кочкор - Арсы - Кызыломпол 0-27 км;27;;loc;
UAD_BNT;955;50;Kumdobo-Saralasaz 0-31 km;Кумдобо - Сараласаз 0-31 км;Кумдобо - Сараласаз 0-31 км;31;;loc;
UAD_BNT;955;51;Kommunizm-Sook stow 0-40 km;Коммунизм - Урочище Соок 0-40 км;Коммунизм - Урочище Соок 0-40 км;40;;loc;
UAD_BNT;955;52;Semizbel-Karakungoy 0-10 km;Семизбел - Каракунгой 0-110 км;Семизбел - Каракунгой 0-110 км;10;;loc;
UAD_BNT;955;53;Kyzyldobo-Ortok 0-16 km;Кызылдобо - Орток 0-16 км;Кызылдобо - Орток 0-16 км;16;;loc;
UAD_BNT;955;54;Kokcholok-Chekildek 0-2 km;Кокчолок - Чекилдек 0-2 км;Кокчолок - Чекилдек 0-2 км;2;;loc;
UAD_BNT;955;55;Kokjar-Chalay 0-16 km;Kokjar-Chalay 0-16 km;Kokjar-Chalay 0-16 km;16;;loc;
UAD_BNT;955;60;Cholpon-Shakhtatuz 0-15km;Чолпон - Шахтатуз 0-15 км;Чолпон - Шахтатуз 0-15 км;15;;loc;
UAD_BNT;957;1;Bishkek- Naryn-Torugart  367-539 км;Бишкек - Нарын - Торугарт 367-539 км;Бишкек - Нарын - Торугарт 367-539 км;172;20;int;
UAD_BNT;957;11;Gosdoroga-Tashrabat 0-29 km ;Госдорога - Ташрабат 0-29 км;Госдорога - Ташрабат 0-29 км;29;1;nat;
UAD_BNT;957;12;Gosdoroga-Communism 0-3 km ;Госдорога - Коммунизм 0-3 км;Госдорога - Коммунизм 0-3 км;2;0;nat;
UAD_BNT;957;13;Gosdoroga-Atbashy 0-3 km;Госдорога - Ат Башы 0-3 км;Госдорога - Ат Башы 0-3 км;3;0;nat;
UAD_BNT;957;56;Kalinin-Achakaiyndy 0-14 km ;Калинин - Ачакайынды 0-14 км;Калинин - Ачакайынды 0-14 км;14;;loc;
UAD_BNT;957;57;Gosdoroga-Kyzyltuu-Pogranichnik-Kalinin ;Госдорога - Кызылтуу - Пограничник - Калинин;Госдорога - Кызылтуу - Пограничник - Калинин;29;;loc;
UAD_BNT;957;58;Pogranichnik-Keltebek 0-31 km;Пограничник - Келтебек 0-31км;Пограничник - Келтебек 0-31км;31;;loc;
UAD_BO;5;1;Bishkek-Osh с 596-613km;Бишкек - Ош 596-613 км;Бишкек - Ош 596-613 км;19;3;int;
UAD_BO;5;5;Myrzake-Karakulja-Alaiku;Мырзаке - каракулжа - Алайку;Мырзаке - каракулжа - Алайку;8;1;int;
UAD_BO;5;12;Myrzake-Karashoro;Мырзаке - Карашоро;Мырзаке - Карашоро;69;14;nat;
UAD_BO;5;14;Jylandy-Iirisuu-Changet;Жыланды - Ийрисуу - Чангет;Жыланды - Ийрисуу - Чангет;35;3;nat;
UAD_BO;5;13;Uzgen-Zerger;Узгер - Зергер;Узгер - Зергер;21;;loc;
UAD_BO;5;16;Uzgen-Kenesh-Aigyrjal;Узген - Кенеш - Айгыржал;Узген - Кенеш - Айгыржал;21;;loc;
UAD_BO;5;17;Myrzake-Komsomol;Мырзаке - Комсомол;Мырзаке - Комсомол;17;;loc;
UAD_BO;5;18;Kolduk-Nichke;Колдук - Ничке;Колдук - Ничке;9;;loc;
UAD_BO;5;19;Jeenchi-Erkintoo;Jeenchi-Erkintoo;Jeenchi-Erkintoo;30;;loc;
UAD_BO;5;20;Gairat-Nichkesai;Жээнчи - Экрин тоо;Жээнчи - Экрин тоо;10;;loc;
UAD_BO;5;21;Bolshevik-Semizkol;Большевик - Семизкол;Большевик - Семизкол;7;;loc;
UAD_BO;5;22;Uzgen-Chymbai;Узген - Чымбай;Узген - Чымбай;16;;loc;
UAD_BO;5;23;Uzgen-Myrzake;Узген - Мызаке;Узген - Мызаке;14;;loc;
UAD_BO;9;1;Bishkek-Osh 9-209 km;Бишкек - Ош 9-209км;Бишкек - Ош 9-209км;200;36;int;
UAD_BO;9;2;Kochkor-Aral-Too Ashuu;Кочкор - Арал - Тоо Ашуу ;Кочкор - Арал - Тоо Ашуу ;85;12;int;
UAD_BO;9;1;Suusamyr-Zapadnyi Karakol;Суусамыр - Западный Каракол;Суусамыр - Западный Каракол;84;6;nat;
UAD_BO;9;2;Tooluk- Sarykamysh;Тоолук - Сарыкамыш;Тоолук - Сарыкамыш;45;2;nat;
UAD_BO;22;1;Bishkek-Osh с 488-596km;Бишкек - Ош 488-596км;Бишкек - Ош 488-596км;110;13;int;
UAD_BO;22;3;Suzak bypass;Объездная Сузака;Объездная Сузака;9;2;int;
UAD_BO;22;4;Access road to Jalal-Abad c.;подъездная дорога к Жалад Абаду;подъездная дорога к Жалад Абаду;10;0;int;
UAD_BO;22;8;Barpy-Iyrisuu-Ozgon ;Барпы - Айрисуу - Озгон;Барпы - Айрисуу - Озгон;17;5;nat;
UAD_BO;22;9;Suzak-Karadarya;Сузак - Карадарья;Сузак - Карадарья;19;1;nat;
UAD_BO;22;10;Nefteprom-Uchmazar-Aral;Нефтепром - Учмазар - Арал;Нефтепром - Учмазар - Арал;10;2;nat;
UAD_BO;22;11;Madaniat-Maylysuu;Маданият - Майлисуу;Маданият - Майлисуу;19;2;nat;
UAD_BO;22;8;Kumush-Aziz-Masadan ;Кумуш - Азиз - Масаздан;Кумуш - Азиз - Масаздан;20;;loc;
UAD_BO;22;9;Nefteprom-Uchmazar ;Нефтепром - Учмазар;Нефтепром - Учмазар;17;;loc;
UAD_BO;22;10;Komsomol-Barpy-Turk Abad ;Комсомол - Барпы - Туркабад;Комсомол - Барпы - Туркабад;13;;loc;
UAD_BO;22;11;Suzak-Aral-Zhiyde ;Сузак - Арал - Жийде;Сузак - Арал - Жийде;9;;loc;
UAD_BO;22;12;Bekabad-Zhiyde-Munduz ;Бекабад - Жийде - Мундуз;Бекабад - Жийде - Мундуз;10;;loc;
UAD_BO;22;13;Bazarkorgon-Chkalov ;Базаркоргон - Чкалов;Базаркоргон - Чкалов;7;;loc;
UAD_BO;22;14;Madaniat-Mailysuu-Sary Bee ;Маданият - Майлисуу - Сары бээ;Маданият - Майлисуу - Сары бээ;6;;loc;
UAD_BO;22;15;Jalal Abad - Kurort ;ЖалалАбад- Курорт;ЖалалАбад- Курорт;4;;loc;
UAD_BO;23;1;Bishkek-Osh 209-318 km;Бишкек - Ош 209-318км;Бишкек - Ош 209-318км;109;17;int;
UAD_BO;23;3;Torkent-Tooluk-Sarykamysh ;Торкент - Тоолук - Сарыкамыш;Торкент - Тоолук - Сарыкамыш;155;11;nat;
UAD_BO;23;4;Toktogul-Beshtash;Токтогул - Бешташ;Токтогул - Бешташ;90;3;nat;
UAD_BO;26;7;Myrzake-Karakulja-Alaiku;Мырзыке - Каракулжа - Алайку;Мырзыке - Каракулжа - Алайку;138;14;int;
UAD_BO;26;16;Ylaitalaa-Gulcho;Ылайталаа - Гулчо;Ылайталаа - Гулчо;23;3;nat;
UAD_BO;26;28;Ylaitalaa-Karaguz-Tushunuk ;Ылайталаа - КарагузТушунук;Ылайталаа - КарагузТушунук;28;4;loc;
UAD_BO;26;29;Karakulja-Pervoe Maya ;Каракулжа - Первое  мая;Каракулжа - Первое  мая;12;0;loc;
UAD_BO;26;30;Chalma-Kalinin-Buyga ;Чалма - Калинин - Буйга;Чалма - Калинин - Буйга;20;2;loc;
UAD_BO;26;31;Ulyanov- Zhivprom ;Ульянов - Живпром;Ульянов - Живпром;6;0;loc;
UAD_BO;26;32;Karakulja-Akkyya ;Каракулжа - Первое  мая;Каракулжа - Первое  мая;9;0;loc;
UAD_BO;26;33;Tashkyya-Kirov-Zhiydeli ;Ташкыя - Киров - Жийдели;Ташкыя - Киров - Жийдели;12;0;loc;
UAD_BO;26;34;Ylaitalaa-Sai ;Ылайталаа - Сай;Ылайталаа - Сай;3;0;loc;
UAD_BO;26;35;Karakulja-Sarykamysh ;Каракулжа - Сарыкамыш;Каракулжа - Сарыкамыш;3;0;loc;
UAD_BO;26;36;Zhivprom-Por ;Живпром - Пор;Живпром - Пор;3;0;loc;
UAD_BO;26;37;Kirov-Zhanytalap;Киров - Жанталап;Киров - Жанталап;3;0;loc;
UAD_BO;30;1;Bishkek-Osh  318-427 km;Бишкек - Ош 318-427;Бишкек - Ош 318-428;109;6;int;
UAD_BO;30;1;Kyzyluran-Zhetigen ;Кызылуран - Жетиген;Кызылуран - Жетиген;10;0;loc;
UAD_BO;30;2;Kyzyluran-Telman;Кызылуран - Тельман;Кызылуран - Тельман;11;0;loc;
UAD_BO;30;3;Uchterek-Ozgorush;Учтерек - Озгоруш;Учтерек - Озгоруш;50;5+2;loc;
UAD_BO;38;1;Bishkek-Osh с 427 по 488 km;Бишкек - Ош 427-488 км;Бишкек - Ош 427-488 км;61;5;int;
UAD_BO;38;5;Tashkomur-Kyzylzhar-12 M-076;Ташкомур - Кызылжар 12 м-076;Ташкомур - Кызылжар 12 м-077;28;4;nat;
UAD_BO;38;6;Alabuka-Kerben-Tashkomur;Алабука - Кербен - Ташкомур;Алабука - Кербен - Ташкомур;54;6;nat;
UAD_BO;38;4;Maylysuu- Aksuu-Zhanytalap ;Майлусуу - Аксуу - Жаныталап;Майлусуу - Аксуу - Жаныталап;30;;loc;
UAD_BO;38;5;Kichiakzhol-Pionerlager ;Кичиакжол - Пионерлагерь;Кичиакжол - Пионерлагерь;16;;loc;
UAD_BO;38;6;Raikomol-Kechuu ;Райкомол - Кечуу;Райкомол - Кечуу;8;;loc;
UAD_BO;38;7;Zhanyzhol-Malkaldy;Жаныжол - Малкалды;Жаныжол - Малкалды;4,2;;loc;
UAD_BO;956;1;Bishkek-Osh 613 - 664 km;Бишкек - Ош 613-664 км;Бишкек - Ош 613-664 км;51;16;int;
UAD_BO;956;6;Osh-Karasuu-Uzgen с 22-40km;Ош - Карасуу - Узген 22-40км;Ош - Карасуу - Узген 22-40км;18;4;int;
UAD_BO;956;15;Kurshab-Jalpaktash;Куршаб - Жалпакташ;Куршаб - Жалпакташ;42;2;nat;
UAD_BO;956;24;Kurshab-Kyzylsenir ;Куршаб - Кызылсенир;Куршаб - Кызылсенир;5;;loc;
UAD_BO;956;25;Zhanchukur-Sheraly ;Жанчукур - Шерали;Жанчукур - Шерали;19;;loc;
UAD_BO;956;26;Kurshab-Karatash ;Куршаб - Караташ;Куршаб - Караташ;7;;loc;
UAD_BO;956;27;Kurshab-Alga-Agronom;Куршаб - Алга - Агроном;Куршаб - Алга - Агроном;12;;loc;
UAD_JAB;12;2;Kerben-Alabuka-Chatcal;Кербен - Алабука - Чаткал;Кербен - Алабука - Чаткал;13;4;nat;
UAD_JAB;12;3;Alabuka-Kerby-Tashkomur;Алабука - Керби - Ташкомур;Алабука - Керби - Ташкомур;35;2;nat;
UAD_JAB;12;4;Kerben-Uchkorgon-Hydro Power Station-Shamaldysai;Кербен - Учкоргон - Гидроэлектростанция - Шамалдысай;Кербен - Учкоргон - Гидроэлектростанция - Шамалдысай;72;12;nat;
UAD_JAB;12;1;Kerben-Kashkasuu ;Кербен - Кашкасуу;Кербен - Кашкасуу;32;;loc;
UAD_JAB;12;2;Karazhygach-Sarychelek lake ;Каражыгач - озеро Сарычелек;Каражыгач - озеро Сарычелек;40;;loc;
UAD_JAB;12;3;Kosh Dobo-Munduz-Aksuu ;Кош Добо - Мундуз - Аксуу;Кош Добо - Мундуз - Аксуу;94;;loc;
UAD_JAB;12;4;Top Jangak-Kashkasuu ;Топ Жангак - Кашкасуу;Топ Жангак - Кашкасуу;22;;loc;
UAD_JAB;12;5;Kerben-Akdobo-Kulukdobo ;Кербен - Акдобо - Кулукдобо;Кербен - Акдобо - Кулукдобо;5;;loc;
UAD_JAB;12;6;Bospuek-Zhergetal-Kapchygai ;Боспуек - Жергетал - Капчигай;Боспуек - Жергетал - Капчигай;23;;loc;
UAD_JAB;12;7;Mukur-Itagar ;Мукур - Итагар;Мукур - Итагар;6;;loc;
UAD_JAB;12;8;Karazhygach-Syny;Каражыгач - Сыны;Каражыгач - Сыны;6;;loc;
UAD_JAB;17;5;Kerben-Alabuka-Chatkal;Кербен - Алабука - Чаткал;Кербен - Алабука - Чаткал;15;1;nat;
UAD_JAB;17;6;Alabuka-Kasan;Алабука - Касан ;Алабука - Касан ;14;1;nat;
UAD_JAB;17;7;Alabuka-Karavan;Алабука - Караван;Алабука - Караван;20;4;nat;
UAD_JAB;17;8;Alabuka-Zhanybazar;Алабука -Жаныбазар;Алабука -Жаныбазар;38;5;nat;
UAD_JAB;17;9;Kasansay-Akkorgon-Zhapasaldy;Касансай - Аккоргон - Жапасалды;Касансай - Аккоргон - Жапасалды;20;2;nat;
UAD_JAB;17;10;Yzar-Gulistan;Изар - Гулистан;Изар - Гулистан;20;2;nat;
UAD_JAB;17;11;Shekaftar-Airytam;Шекафтар - Айрытам;Шекафтар - Айрытам;30;0;nat;
UAD_JAB;17;9;Vodokhranilishche-Shekaftar-Pap;Водохранилище - шекафтар - Пап;Водохранилище - шекафтар - Пап;73;;loc;
UAD_JAB;17;10;Shekaftar-Sumsar;Шекафтар - Сумсар;Шекафтар - Сумсар;12;;loc;
UAD_JAB;17;11;Sumsar-Kaindy;Сумсар - Кайынды;Сумсар - Кайынды;18;;loc;
UAD_JAB;17;12;Alabuka-Lesnaya dacha-Lager;Алабука - Лесная дача - лагерь;Алабука - Лесная дача - лагерь;19;;loc;
UAD_JAB;17;13;Alabuka-Zhoybelent-Oruktu;Алабукаа - Жойбелент- Орукту;Алабукаа - Жойбелент- Орукту;10;;loc;
UAD_JAB;17;14;Airytam-Karaunkur;Айрытам - Караункур;Айрытам - Караункур;15;;loc;
UAD_JAB;17;15;Sada-Birleshken;Сада - Бирлешкен;Сада - Бирлешкен;13;;loc;
UAD_JAB;17;16;Aktam-Pioner lager;Актам - Пионер - лагерь;Актам - Пионер - лагерь;15;;loc;
UAD_JAB;17;17;Gava-Koktash-Arap;Гава - Кок Таш - Арап;Гава - Кок Таш - Арап;16;;loc;
UAD_JAB;17;18;Kyzylata-Madaniyat;Кызылата - Маданият;Кызылата - Маданият;12;;loc;
UAD_JAB;27;12;Alabuka-Zhanybazar-Kirovka;Алабука - Жаныбазар - Кировка;Алабука - Жаныбазар - Кировка;152;14;nat;
UAD_JAB;27;19;Krasnayagorka-Aktash ;Красная Горка - Акташ;Красная Горка - Акташ;17;;loc;
UAD_JAB;27;20;Podyezd-Tereksai ;Подъезд - Терексай;Подъезд - Терексай;6;;loc;
UAD_JAB;27;21;Chandalash stow-Kurgantyube ;Урочище Чандалаш - Кургантюбе;Урочище Чандалаш - Кургантюбе;2;;loc;
UAD_JAB;27;22;Bashkyterek stow;Урочище Башкытерек ;Урочище Башкытерек ;1;;loc;
UAD_JAB;27;23;Ortoterek stow;Урочище Ортотерек;Урочище Ортотерек;2;;loc;
UAD_JAB;27;24;Barkyrak stow;Урочище Баркырак;Урочище Баркырак;1;;loc;
UAD_JAB;27;25;Aygyrzhal road;Трасса Айгыржал;Трасса Айгыржал;12;;loc;
UAD_JAB;31;1;Jalalabat-Kazarman;ЖалалАбад - Казарман;ЖалалАбад - Казарман;98;6;int;
UAD_JAB;31;13;Dmitrievka-Kokart;Дмитриевка - Кокарт;Дмитриевка - Кокарт;55;0;nat;
UAD_JAB;31;14;Dmitrievka-Karaalma;Дмитриевка - Караалма;Дмитриевка - Караалма;8;1;nat;
UAD_JAB;31;26;Kalmakyrchyn-Kyzylsuu;Калмакырчын - Кызылсуу;Калмакырчын - Кызылсуу;18;;loc;
UAD_JAB;31;27;Oktyabrskoe-Bagysh;Октябрьское - Багыш;Октябрьское - Багыш;2;;loc;
UAD_JAB;31;28;Vinsovhoz-Gavrilovka-3 Otdel;Винсовхоз - Гавриловка - 3 Отдел;Винсовхоз - Гавриловка - 3 Отдел;20;;loc;
UAD_JAB;31;29;Taygaraev-Kulbayuulu;Тайгараев - Кулбайуулу;Тайгараев - Кулбайуулу;3;;loc;
UAD_JAB;31;30;Taygaraev-Voroshilov;Тайгараев - Ворошилов;Тайгараев - Ворошилов;8;;loc;
UAD_JAB;31;31;Bagysh-Jalalabat;Багыш - ЖаладАбад;Багыш - ЖаладАбад;13;;loc;
UAD_JAB;31;32;Leninzhol-Kokart;Ленинжол - Кокарт;Ленинжол - Кокарт;6;;loc;
UAD_JAB;31;33;Mikhailovka-Chontash;Михайловка - Чонташ;Михайловка - Чонташ;14;;loc;
UAD_JAB;31;34;Kokzhangak-Sarybulak;Кокжангак - Сарыбулак;Кокжангак - Сарыбулак;8;;loc;
UAD_JAB;31;35;Mikhailovka-Sarybulak;Михайловка - Сарыбулак;Михайловка - Сарыбулак;26;;loc;
UAD_JAB;50;36;Bazarkorgon-Beshbadam;Базаркоргон - Бешбадам;Базаркоргон - Бешбадам;37;5;loc;
UAD_JAB;50;37;Bazarkorgon-Beshikjon through Karacha-Kairma;Базаркоргон - Бешикжон через Карача - Кайырма;Базаркоргон - Бешикжон через Карача - Кайырма;23;1;loc;
UAD_JAB;50;38;Aktaylakata-Kyzylay;Актайлаката - Кызылай;Актайлаката - Кызылай;14;1;loc;
UAD_JAB;50;39;Bazarkorgon-Maslozavod;Базаркоргон - Маслозавод;Базаркоргон - Маслозавод;3;0;loc;
UAD_JAB;50;40;Bazarkorgon-Kolot;Базаркоргон - Колот;Базаркоргон - Колот;16;1;loc;
UAD_JAB;50;41;Bazarkorgon-Seydikum;Базаркоргон - Сейдикум;Базаркоргон - Сейдикум;20;3;loc;
UAD_JAB;50;42;Kyzylunkur-Kenkol;Кызылункур - Кенкол;Кызылункур - Кенкол;26;4;loc;
UAD_JAB;50;43;Shaidan-Abdraimov;Шайдан - Абдраимов;Шайдан - Абдраимов;6;0;loc;
UAD_JAB;50;44;Taldybulak-Kaba;Талдыбулак - Каба;Талдыбулак - Каба;14;1;loc;
UAD_JAB;50;45;Kyzyloktyabr-Uchbulak;Кызыл Октябрь - Учбулак;Кызыл Октябрь - Учбулак;15;0;loc;
UAD_JAB;50;46;Bazarkorgon-Kairma;Базаркоргон - Кайырма;Базаркоргон - Кайырма;10;1;loc;
UAD_JAB;50;;Bazarkorgon-bridge Karaunkur;Базаркоргон - мост Караункур;Базаркоргон - мост Караункур;3;0;loc;
UAD_JAB;50;;Bazarkorgon-Arslanbob;Базаркоргон - Арсланбоб;Базаркоргон - Арсланбоб;65;8;nat;
UAD_JAB;51;47;Leninzhol-Shaydan;Ленинжол - Шайдан;Ленинжол - Шайдан;10;;loc;
UAD_JAB;51;48;Leninzhol-Kazarmazar-Sere;Ленинжо - Казарман - Сере;Ленинжо - Казарман - Сере;73;;loc;
UAD_JAB;51;49;Kochkorata-Maylisay;Кочкората - Майлисай;Кочкората - Майлисай;29;;loc;
UAD_JAB;51;50;Kochkorata-Tashchy-Bulak-Khilya-KH.punkt;Кочкората - Ташчы Булак - Хиля - KH punkt;Кочкората - Ташчы Булак - Хиля - KH punkt;10;;loc;
UAD_JAB;51;51;Rakhmanzhan-Karabulak;Рахманжан - Карабулак;Рахманжан - Карабулак;33;;loc;
UAD_JAB;51;52;Nooken-Karabulak-Kochkorata;Ноокен - Карабулак - Кочкората;Ноокен - Карабулак - Кочкората;31;;loc;
UAD_JAB;51;53;Leninzhol-Aral-Sakaldy;Ленинжол - Арал - Сакалды;Ленинжол - Арал - Сакалды;27;;loc;
UAD_JAB;51;54;Leninzhol-Beshzhygach-KH.punkt-Birdik;Ленинжол - Бешжыгач - KH.punkt - Бирдик;Ленинжол - Бешжыгач - KH.punkt - Бирдик;9;;loc;
UAD_JAB;51;55;Kolkhoz Komintern-Kommunizm;Колхоз Коминтерн - Куммунизм;Колхоз Коминтерн - Куммунизм;5;;loc;
UAD_JAB;51;56;Kommunizm-Bobuy-Rakhmanzhan;Коммунизм - Бобуй - Рахманжан;Коммунизм - Бобуй - Рахманжан;9;;loc;
UAD_JAB;51;57;Leninskoye-Sakaldy;Ленинское - Сакалды;Ленинское - Сакалды;9;;loc;
UAD_JAB;51;58;Karlmarks-Noshken;Карл Маркс - Ношкен;Карл Маркс - Ношкен;18;;loc;
UAD_JAB;52;15;Suzak-Kadu;Сузак - Каду;Сузак - Каду;50;2;nat;
UAD_JAB;52;59;Blagoveshenka-Karakul;Благовещенка - Каракуль;Благовещенка - Каракуль;41;;loc;
UAD_JAB;52;60;Jalalabat-Blagoveshenka;ЖалалАбад - Благовещенка;ЖалалАбад - Благовещенка;2;;loc;
UAD_JAB;52;61;Kommunizm-Zhanydyykan;Коммунизм - Жаныдыйкан;Коммунизм - Жаныдыйкан;6;;loc;
UAD_JAB;52;62;Sarybulak-Ortok;Сарыбулак - Орток;Сарыбулак - Орток;12;;loc;
UAD_JAB;52;63;Kashkaterek-Katranky;Кашкатерек - Катранкы;Кашкатерек - Катранкы;26;;loc;
UAD_JAB;52;64;Tashtak-Achy ;Таштак - Ачы;Таштак - Ачы;17;;loc;
UAD_JAB;52;65;Ortok-Kashkasuu;Орток - Кашкасуу;Орток - Кашкасуу;15;;loc;
UAD_JAB;52;66;Aktook-Karamart;Актоок - Карамарт;Актоок - Карамарт;5;;loc;
UAD_JAB;52;67;Chokotobo-Eshme;Чоктобо - Эшме;Чоктобо - Эшме;27;;loc;
UAD_JAB;52;68;Aktook-Molbulak;Актоок - Молбулак;Актоок - Молбулак;1,6;;loc;
UAD_OBI;2;1;Osh-Batken-Isfana;Ош - Баткен - Исфана;Ош - Баткен - Исфана;101;13;int;
UAD_OBI;2;1;Buzhum-Batken-Isfana;Бужум - Баткен - Исфана;Бужум - Баткен - Исфана;29;1;nat;
UAD_OBI;2;2;Batken-Chongara;Баткен - Чонгара;Баткен - Чонгара;40;1;nat;
UAD_OBI;2;1;Soh-Kan-Zardaly;Сох - Кан - Зардалы;Сох - Кан - Зардалы;85;;loc;
UAD_OBI;2;2;Batken-Buzhum-Kyzylzhol;Баткен - Бужум - Кызылжол;Баткен - Бужум - Кызылжол;10;;loc;
UAD_OBI;2;3;Batken-Rautkaut;Баткен - Рауткаут;Баткен - Рауткаут;20;;loc;
UAD_OBI;2;4;Batken-Akturpak;Баткен - Актурпак;Баткен - Актурпак;4;;loc;
UAD_OBI;2;5;Soh-Sai 0-6 km;Сох - Сай 0-6 км;Сох - Сай 0-6 км;6;;loc;
UAD_OBI;2;6;Soh-Gaz;Сох - Газ;Сох - Газ;9;;loc;
UAD_OBI;2;7;Osh-Isfana-Karatokoy;Ош - Исфана - Каратокой;Ош - Исфана - Каратокой;4;;loc;
UAD_OBI;2;8;Batken-Bulakbashy-Karabak;Баткен - Булакбашы - Карабак;Баткен - Булакбашы - Карабак;11;;loc;
UAD_OBI;2;9;Batken-Karabulak;Баткен - Карабулак;Баткен - Карабулак;6;;loc;
UAD_OBI;2;10;Akturpak-Chongara;Актурпак - Чонгара;Актурпак - Чонгара;10;;loc;
UAD_OBI;2;12;KS Aktatyr v.;KS село Актатыр;KS село Актатыр;6;;loc;
UAD_OBI;2;13;KS Uchdobo;Учдобо;Учдобо;3;;loc;
UAD_OBI;2;14;KS Ravat 0-2 km part;"Рават; участок 0-2 км";"Рават; участок 0-2 км";2;;loc;
UAD_OBI;13;1; Osh-Batken-Isfana with turning to Suluktu c.;Ош - Баткен - Исфана с поворотом на Сулукту;Ош - Баткен - Исфана с поворотом на Сулукту;123;8;int;
UAD_OBI;13;3;Kairagach-Kulunda-Arka;Кайрагач - Кулунда - Арка;Кайрагач - Кулунда - Арка;65;0;nat;
UAD_OBI;13;15;Isfana-Andarak-Koktash;Исфана - Андарак - Кокташ;Исфана - Андарак - Кокташ;28;;loc;
UAD_OBI;13;16;Samat-Zamboruch-Zharkyshtak;Самат - Замборуч - Жаркыштак;Самат - Замборуч - Жаркыштак;27;;loc;
UAD_OBI;13;17;Isfana-Gordoy-Kekre;Исфана - Гордой - Кекре;Исфана - Гордой - Кекре;33;;loc;
UAD_OBI;13;18;Karabulak-Toguzbulak;Карабулак - Тогузбулак;Карабулак - Тогузбулак;6;;loc;
UAD_OBI;13;19;Isfana –Chukurbulak;Исфана - Чукурбулак;Исфана - Чукурбулак;43;;loc;
UAD_OBI;13;20;Korgon-Katran-Baul;Коргон - Катран - Баул;Коргон - Катран - Баул;27;;loc;
UAD_OBI;13;21;Beshkent-Margun;Бешкент - Маргун;Бешкент - Маргун;18;;loc;
UAD_OBI;13;22;Margun-Darkum;Маргун - Даркум;Маргун - Даркум;18;;loc;
UAD_OBI;13;23;Isfana-Akbulak;Исфана - Акбулак;Исфана - Акбулак;4;;loc;
UAD_OBI;13;24;Katarn-Ozgorush;Катарн - Озгоруш;Катарн - Озгоруш;13;;loc;
UAD_OBI;46;1;Osh-Batken-Isfana;Ош - Баткен - Исфана;Ош - Баткен - Исфана;109;14;int;
UAD_OBI;46;11;Akturpak-Otukchu;Актурпак - Отукчу;Актурпак - Отукчу;24;;loc;
UAD_OBI;46;25;Uchkorgon Chauvay;Учкоргон Чаувай;Учкоргон Чаувай;26;;loc;
UAD_OBI;46;26;Uchkorgon-Kuvasai;Учкоргон Кувасай;Учкоргон Кувасай;8;;loc;
UAD_OBI;46;27;Nefteprom-Shyrban;Нефтепром - Шырбан;Нефтепром - Шырбан;13;;loc;
UAD_OBI;46;28;Kan-Burbalyk;Кан - Бурбалык;Кан - Бурбалык;18;;loc;
UAD_OBI;46;29;Sur-Ormosh Syrt;Сур - Ормош Сырт;Сур - Ормош Сырт;6;;loc;
UAD_OBI;46;31;Moloteskey-Jal;Молотескей - Джал;Молотескей - Джал;12;;loc;
UAD_OBI;46;32;Halmion-Tashtyube;Халмион - Таштюбе;Халмион - Таштюбе;20;;loc;
UAD_OBI;46;33;Alga-Kaytmas;Алга - Кайтмасс;Алга - Кайтмасс;30;;loc;
UAD_OBI;46;34;Karashoro-Karakazyk;Карашоро - Караказык;Карашоро - Караказык;43;;loc;
UAD_OBI;46;35;Uch Korgon-Tengizbay;Уч Коргон - Тенгизбай;Уч Коргон - Тенгизбай;67;;loc;
UAD_OBI;46;36;Kyzyl-Bulak-Tamasha;Кызыл - Булак - Тамаша;Кызыл - Булак - Тамаша;33;;loc;
UAD_OBI;46;37;Uchkorgon 61st patrol;Учкоргон - 61й пост;Учкоргон - 61й пост;11;;loc;
UAD_OSI;16;3;Sary Tash-Darootkorgon-Komsomolabad with access to Kyzyleshme v. and Jekendi v.;Сары Таш - Дарооткоргон - Комсомолобад с подъездной дорогой до села Жекенди;Сары Таш - Дарооткоргон - Комсомолобад с подъездной дорогой до села Жекенди;122;1;int;
UAD_OSI;16;1;Uchkorgon-Darootkorgon;Уччкоргон - Дарооткоргон;Уччкоргон - Дарооткоргон;50;0;nat;
UAD_OSI;16;1;Darootkorgon-Jashtiliek;Дарооткоргон - Жаштилиек;Дарооткоргон - Жаштилиек;13;;loc;
UAD_OSI;16;2;68th km of national road Achy Suu;68й км трассы Ачу Суу;68й км трассы Ачу Суу;62;;loc;
UAD_OSI;21;1;Osh-Sary Tash-Irkeshtam ;Ош - Сары Таш - Иркештам;Ош - Сары Таш - Иркештам;34;7;int;
UAD_OSI;21;4;Osh-Isfana 0-30 km ;Ош - Исфана 0-30км;Ош - Исфана 0-30км;35;0;int;
UAD_OSI;21;5;Osh-Tashkent 0-5 km ;Ош - Ташкент 0-5 км;Ош - Ташкент 0-5 км;5;0;int;
UAD_OSI;21;6;Osh-Aravan-Chekabad 0-2,6 km ;Ош - Араван - Чекабад 0-2,6км;Ош - Араван - Чекабад 0-2,6км;2,6;1;int;
UAD_OSI;21;7;Osh-Kara Suu-Myrzake 0-6 km;Ош - Кара Суу - Мырзаке 0-6км;Ош - Кара Суу - Мырзаке 0-6км;6;1;int;
UAD_OSI;21;2;Osh-Airport;Ош - Аэропорт;Ош - Аэропорт;5;0;nat;
UAD_OSI;21;3;Bypass Osh c.;Объездная догора города Ош;Объездная догора города Ош;17;4;nat;
UAD_OSI;21;4;Osh-Toloykon;Ош - Толойкон;Ош - Толойкон;15;3;nat;
UAD_OSI;21;5;Osh-Ozgur;Ош - Озгур;Ош - Озгур;10;4;nat;
UAD_OSI;21;6;Ak-Terek-Papan-Kozhokelen;Ак Терек - Папан - Кожокелен;Ак Терек - Папан - Кожокелен;100;13;nat;
UAD_OSI;21;3;Kalinin-Ozgor ;Калинин - Озгор;Калинин - Озгор;10;;loc;
UAD_OSI;21;4;Osh-Kenesh ;Ош - Кенеш;Ош - Кенеш;9;;loc;
UAD_OSI;21;5;Bypass Osh c.-Kyzyl-Bayrak ;Объездная города Ош - Кызы Байрак;Объездная города Ош - Кызы Байрак;10;;loc;
UAD_OSI;21;6;Aravan highway - Uchar v. ;Араванское Шоссе - село Учар;Араванское Шоссе - село Учар;5;;loc;
UAD_OSI;21;7;Cult. Center Chogom-Tan ;Культурные центр Чогом Тан;Культурные центр Чогом Тан;25;;loc;
UAD_OSI;21;8;Cult. Center Kichik-Alai ;Культурный центр Кичик Алай;Культурный центр Кичик Алай;17;;loc;
UAD_OSI;21;9;8 km Osh-Aravan - Teeke v.;8 км Ош - Араван - Тиите;9 км Ош - Араван - Тиите;1,2;;loc;
UAD_OSI;37;4;Osh-Batken-Isfana;Ош - Баткен - Исфана;Ош - Баткен - Исфана;45;6;int;
UAD_OSI;37;7;Nookat-Papan;Ноокат - Папан;Ноокат - Папан;45;6;nat;
UAD_OSI;37;8;Nookat-Aravan;Ноокат - Араван;Ноокат - Араван;19;2;nat;
UAD_OSI;37;10;Telman-Karagoy;Тельман - Карагой;Тельман - Карагой;28;;loc;
UAD_OSI;37;11;Nookat-Kalinin;Ноокат - Калинин;Ноокат - Калинин;9;;loc;
UAD_OSI;37;12;Dodon-Saliyeva-Abshyrsay;Додон - Салиева - Абшырсай;Додон - Салиева - Абшырсай;55;;loc;
UAD_OSI;37;13;Madaniyat-Leninizm;Маданият - Ленинизм;Маданият - Ленинизм;26;;loc;
UAD_OSI;37;14;Kokzhar-Tashbulak;Кокжар - Ташбулак;Кокжар - Ташбулак;18;;loc;
UAD_OSI;37;15;Kokzhar-Pakhtachy;Кокжар - Пахтачы;Кокжар - Пахтачы;13;;loc;
UAD_OSI;37;16;Nookat-Chechmesay;Ноокат - Чечмесай;Ноокат - Чечмесай;4;;loc;
UAD_OSI;37;17;Chapayev-Internatsional;Чапаев - Интерниционал;Чапаев - Интерниционал;6;;loc;
UAD_OSI;37;18;Kokbel-Kichialay;Кокбел - Кичиалай;Кокбел - Кичиалай;8;;loc;
UAD_OSI;37;19;Toomoyun-Osor-Zhany Archa;Тоомоюн - Осор - Жаны Арча;Тоомоюн - Осор - Жаны Арча;48;;loc;
UAD_OSI;37;20;Madaniyat-Kyzyl Teyit;Маданият - Кызыл Тейит;Маданият - Кызыл Тейит;15;;loc;
UAD_OSI;37;21;2nd division of Kokzhar;2я часть Кокжара;2я часть Кокжара;4;;loc;
UAD_OSI;37;22;Kokbel-Akterek;Кокбел - Актерек;Кокбел - Актерек;17;;loc;
UAD_OSI;37;23;Leninizm-Shankol;Ленинизм - Шанкол;Ленинизм - Шанкол;19;;loc;
UAD_OSI;37;24;Kokzhar-Uluu Too;Кокжар - Улуу Тоо;Кокжар - Улуу Тоо;10;;loc;
UAD_OSI;37;25;Kokzhar-Kyzyl Kyya;Кокар - Кызыл Кия;Кокар - Кызыл Кия;30;;loc;
UAD_OSI;37;26;Kyzyl Kyya-Beshburkan;Кызыл Кия - Бешбуркан;Кызыл Кия - Бешбуркан;7;;loc;
UAD_OSI;38;72;Ornok-Saliyeva;Орнок - Салиева;Орнок - Салиева;3;;loc;
UAD_OSI;44;6;Osh-Aravan-Chekabad;Ош - Араван - Чекабад;Ош - Араван - Чекабад;31,4;3;int;
UAD_OSI;44;9;Nookat-Aravan-Tobokorgon;Ноокат - Араван - Тобокоргон;Ноокат - Араван - Тобокоргон;35;3;nat;
UAD_OSI;44;10;Karavan-Pahtachi 4-28 km;Караван - Пахтачы 4-28км;Караван - Пахтачы 4-28км;28;6;nat;
UAD_OSI;44;27;ХХII Partsyezd-Lenin;22 Партсъезд - Ленин;23 Партсъезд - Ленин;8;;loc;
UAD_OSI;44;28;Uygur Abad-Langar-Tepe Kurgan;Уйгур Абад - Лангар - Тепе Курган;Уйгур Абад - Лангар - Тепе Курган;6;;loc;
UAD_OSI;44;29;Aravan-Mangit through Oktyabr;Араван - Мангит через Октябрь;Араван - Мангит через Октябрь;11;;loc;
UAD_OSI;44;30;Il'ich-Kerkidon;Ильич - Керкидон;Ильич - Керкидон;16;;loc;
UAD_OSI;44;31;13 km Osh-Aravan-Gulbakhor;13 км Ош - Араван - Гульбахор;14 км Ош - Араван - Гульбахор;10;;loc;
UAD_OSI;44;32;Tepe Kurgan-Chertik;Тепе Курган - Чертик;Тепе Курган - Чертик;5;;loc;
UAD_OSI;44;33;Tepe Kurgan-Okchi;Тепе Курган - Окчи;Тепе Курган - Окчи;4;;loc;
UAD_OSI;44;34;Gulbakhor-Kara Tash;Гульбахор - Кара Таш;Гульбахор - Кара Таш;15;;loc;
UAD_OSI;44;35;Kommunizm-Charbak ;Коммунизм - Чарбак;Коммунизм - Чарбак;4;;loc;
UAD_OSI;44;36;Akshar-Zhany Aryk;Акшар - Жаны Арык;Акшар - Жаны Арык;4;;loc;
UAD_OSI;44;37;Pakhtachi-Sary Tash;Пахтачы - Сары таш ;Пахтачы - Сары таш ;4;;loc;
UAD_OSI;44;38;Kochubayevo-Kokolopash;Кочубаево - Коколопаш;Кочубаево - Коколопаш;4;;loc;
UAD_OSI;44;39;Kochubayevo-Sutkor;Кочубаево - Суткор;Кочубаево - Суткор;9;;loc;
UAD_OSI;44;40;Aravan-Toomoyun;Араван - Тоомоюн;Араван - Тоомоюн;38;;loc;
UAD_OSI;45;2;Osh-Bishkek (Kara Suu-Sawai) ;Ош - Бишкек (Кара Суу - Савай);Ош - Бишкек (Кара Суу - Савай);9;0;int;
UAD_OSI;45;7;Osh-Kara Suu-Myrzake;Ош - Кара Суу - Мырзаке;Ош - Кара Суу - Мырзаке;16;1;int;
UAD_OSI;45;11;Kara Suu-Otuzadyr ;Кара Суу - Отузадыр;Кара Суу - Отузадыр;28;4;nat;
UAD_OSI;45;12;Kashkarkyshtak-Airport;Кашкаркыштак - Аэропорт;Кашкаркыштак - Аэропорт;7;0;nat;
UAD_OSI;45;41;Kommunizm-Agartuu-Madaniyat;Коммунизм - Агартуу - Маданият;Коммунизм - Агартуу - Маданият;13;;loc;
UAD_OSI;45;42;Nariman-kolhoz Lenina;Нариман - Колхоз Ленина ;Нариман - Колхоз Ленина ;4;;loc;
UAD_OSI;45;43;Kashkarkyshtak-Kenzhekul;Кашкаркыштак - Кенжекул;Кашкаркыштак - Кенжекул;6;;loc;
UAD_OSI;45;44;7 km PAD-kolhoz Frunze;7 км ПАД - Колхоз Фрунзе;8 км ПАД - Колхоз Фрунзе;2;;loc;
UAD_OSI;45;45;Karasuu-Oktyabr-Kyzylkoshchu;Карасуу - Октябрь - Кызылкошчу;Карасуу - Октябрь - Кызылкошчу;14;;loc;
UAD_OSI;45;46;Sadyrbay-Karatay;Садырбай - Каратай;Садырбай - Каратай;13;;loc;
UAD_OSI;45;47;Shait-Tyube-Zhdanov;Шаит - Тюбе - Жданов;Шаит - Тюбе - Жданов;12;;loc;
UAD_OSI;45;48;Mady-Uchkun;Мады - Учкун;Мады - Учкун;7;;loc;
UAD_OSI;45;49;Kashkarkyshtak-Madaniyat;Кашкаркыштак - Маданият;Кашкаркыштак - Маданият;4;;loc;
UAD_OSI;45;50;Kurbankara-Kampyr-Ravat;Курбанкара - Кампыр - Рават;Курбанкара - Кампыр - Рават;22;;loc;
UAD_OSI;45;51;Kommunizm-Aktash-Shvernik ;Коммунизм - Акташ - Шверник;Коммунизм - Акташ - Шверник;9;;loc;
UAD_OSI;45;52;Orto-Mechet'-Kyzylsuu;Орто - Мечеть - Кызылсуу;Орто - Мечеть - Кызылсуу;33;;loc;
UAD_OSI;45;53;Zhanyaryk-Pravda;Жаныарык - Правда;Жаныарык - Правда;6;;loc;
UAD_OSI;45;54;Zhanyaryk-Kyzylsuu;Жаныарык - Кызылсуу;Жаныарык - Кызылсуу;37;;loc;
UAD_OSI;45;55;7 km PAD-Karasogot;7 км ПАД - Карасогот;8 км ПАД - Карасогот;25;;loc;
UAD_OSI;45;56;Osh-selhoz Kara-Suu;Ош - сельхоз Кара Суу;Ош - сельхоз Кара Суу;16;;loc;
UAD_OSI;45;58;Osh-Mamazhan;Ош - Мамажан;Ош - Мамажан;5;;loc;
UAD_OSI;45;73;Karasuu-Kampy-Ravat;Карасуу - Кампы - Рават;Карасуу - Кампы - Рават;8;;loc;
UAD_OSI;959;1;Osh-Sary Tash-Irkeshtam;Ош - Сары Таш - Иркештам;Ош - Сары Таш - Иркештам;113;20;int;
UAD_OSI;959;13;Gulcha-Korul-Suukdobo;Гульча - Корул - Суукдобо;Гульча - Корул - Суукдобо;32;5;nat;
UAD_OSI;959;59;Gulcho-Zhosholu-Ayutapan;Гульчо - Жошолу - Аютапан;Гульчо - Жошолу - Аютапан;33;6;loc;
UAD_OSI;959;60;85 km PAD-Budalyk;85 км ПАД - Будалык;86 км ПАД - Будалык;17;3;loc;
UAD_OSI;959;61;105 km PAD-Bulolu;105 км ПАД - Булолу;106 км ПАД - Булолу;17;2;loc;
UAD_OSI;959;62;115 km PAD-Askaly;115 км ПАД - Аскалы;116 км ПАД - Аскалы;15;0;loc;
UAD_OSI;959;63;Kyzylkorgon-Murdash;Кызлкоргон - Мурдаш;Кызлкоргон - Мурдаш;9;1;loc;
UAD_OSI;959;64;Sopukorgon-Terek;Сопукоргон - Терек;Сопукоргон - Терек;9;1;loc;
UAD_OSI;959;65;Arpa-Tektir-KablanKol;Арпа - Тектир - Кабланкол;Арпа - Тектир - Кабланкол;17;3;loc;
UAD_OSI;959;66;Gulcha-Kyzylsuu;Гульча - Кызылсуу;Гульча - Кызылсуу;24;1;loc;
UAD_OSI;959;67;Zhosholu-Karatoktu;Жошолу - Каратокту;Жошолу - Каратокту;11;0;loc;
UAD_OSI;959;68;145 km PAD-Madaniyat;145 км ПАД - Маданият;146 км ПАД - Маданият;4;0;loc;
UAD_OSI;959;69;155 km PAD -Kyzylalay;155 км ПАД - Кызылалай;156 км ПАД - Кызылалай;2;0;loc;
UAD_OSI;959;70;Budalyk-Kumshoro;Будалык - Кумшоро;Будалык - Кумшоро;2;0;loc;
UAD_OSI;960;1;Osh-Sary Tash-Irkeshtam ;Ош - Сарыташ - Иркештам;Ош - Сарыташ - Иркештам;112;6;int;
UAD_OSI;960;8;Sary Tash-Kyzylart pass ;Сарыташ - перевал Кызыларт;Сарыташ - перевал Кызыларт;45;1;int;
UAD_OSI;960;3;Sary Tash-Karamyk;Сарыташ - Карамык;Сарыташ - Карамык;30;4;int;
UAD_OSI;960;71;Taichykpas-Koksuu;Тайчыкпас - Коксуу;Тайчыкпас - Коксуу;35;;loc;
